Date,Stock_Price,Strike_Price,Risk_Free_Rate,Volatility,Time_to_Expiration,Option_Call_Price,Option_Put_Price
2020-01-01,100.99342830602247,110,0.03,0.25,1.0,0.0,8.74038727300492
2020-01-02,100.7168997036801,110,0.03,0.25,0.9991062562065541,0.0,9.008984768534894
2020-01-03,102.01227677988147,110,0.03,0.25,0.9982125124131083,0.0,7.7520660126931205
2020-01-06,105.05833649269753,110,0.03,0.25,0.9973187686196624,0.0,4.796001039101028
2020-01-07,104.59002974325085,110,0.03,0.25,0.9964250248262165,0.0,5.250644569815556
2020-01-08,104.1217558293525,110,0.03,0.25,0.9955312810327706,0.0,5.7052806081156335
2020-01-09,107.28018146036729,110,0.03,0.25,0.9946375372393247,0.0,2.6398604042838345
2020-01-10,108.8150509186731,110,0.03,0.25,0.9937437934458788,0.0,1.1501443894258347
2020-01-13,107.87610214680319,110,0.03,0.25,0.992850049652433,0.0,2.0615693414783864
2020-01-14,108.96122223397512,110,0.03,0.25,0.9919563058589871,0.0,1.0083205326918214
2020-01-15,108.0343868483502,110,0.03,0.25,0.9910625620655412,0.0,1.9080320226580456
2020-01-16,107.10292734120968,110,0.03,0.25,0.9901688182720954,0.0,2.8122805410168383
2020-01-17,107.58685188434175,110,0.03,0.25,0.9892750744786495,0.0,2.3425824100468393
2020-01-20,103.76029139502616,110,0.03,0.25,0.9883813306852036,0.0,6.057408349149435
2020-01-21,100.31045573000009,110,0.03,0.25,0.9874875868917576,0.0,9.406705313787839
2020-01-22,99.18588067151815,110,0.03,0.25,0.9865938430983118,0.0,10.498735383415656
2020-01-23,97.1602184308493,110,0.03,0.25,0.9857000993048659,0.0,12.465655257573363
2020-01-24,97.78871309603984,110,0.03,0.25,0.98480635551142,0.0,11.855791583895948
2020-01-27,95.97266494499742,110,0.03,0.25,0.9839126117179742,0.0,13.61933605225452
2020-01-28,93.14805754232684,110,0.03,0.25,0.9830188679245283,0.0,16.36222564027864
2020-01-29,96.07935508016995,110,0.03,0.25,0.9821251241310824,0.0,13.516473902307736
2020-01-30,95.62780247919687,110,0.03,0.25,0.9812313803376366,0.0,13.95529032568993
2020-01-31,95.76285888857272,110,0.03,0.25,0.9803376365441907,0.0,13.82452228090273
2020-02-03,92.91336251614581,110,0.03,0.25,0.9794438927507448,0.0,16.591879809111
2020-02-04,91.82459706709545,110,0.03,0.25,0.9785501489572989,0.0,17.64959237705999
2020-02-05,92.04644224651518,110,0.03,0.25,0.977656405163853,0.0,17.434632588249492
2020-02-06,89.74445509167057,110,0.03,0.25,0.9767626613704071,0.0,19.67061108678873
2020-02-07,90.49585112836192,110,0.03,0.25,0.9758689175769613,0.0,18.94142150605774
2020-02-10,89.29457374852431,110,0.03,0.25,0.9749751737835154,0.0,20.108579171581404
2020-02-11,88.71118624893776,110,0.03,0.25,0.9740814299900695,0.0,20.67570451151641
2020-02-12,87.50777302447896,110,0.03,0.25,0.9731876861966237,0.0,21.84504562941888
2020-02-13,91.21232939349684,110,0.03,0.25,0.9722939424031778,0.0,18.247571772556906
2020-02-14,91.18533494402097,110,0.03,0.25,0.9714001986097319,0.0,18.27428016786972
2020-02-17,89.06991308610917,110,0.03,0.25,0.970506454816286,0.0,20.32948906804722
2020-02-18,90.71500291031555,110,0.03,0.25,0.9696127110228401,0.0,18.732108048311353
2020-02-19,88.2733156103735,110,0.03,0.25,0.9687189672293942,0.0,21.10435951968377
2020-02-20,88.69104280038302,110,0.03,0.25,0.9678252234359483,0.0,20.699152417524857
2020-02-21,84.77170255262347,110,0.03,0.25,0.9669314796425025,0.0,24.5069888170099
2020-02-24,82.1153304548266,110,0.03,0.25,0.9660377358490566,0.0,27.088138194517377
2020-02-25,82.50905292656485,110,0.03,0.25,0.9651439920556107,0.0,26.706378536788005
2020-02-26,83.98598608655567,110,0.03,0.25,0.9642502482621649,0.0,25.272273407577288
2020-02-27,84.32872264893561,110,0.03,0.25,0.963356504468719,0.0,24.93997802091829
2020-02-28,84.09742608415914,110,0.03,0.25,0.9624627606752731,0.0,25.165360358060624
2020-03-02,83.49521869298056,110,0.03,0.25,0.9615690168818272,0.0,25.751118753163635
2020-03-03,80.5381747122457,110,0.03,0.25,0.9606752730883813,0.0,28.624846777092444
2020-03-04,79.09848629545628,110,0.03,0.25,0.9597815292949354,0.0,30.02444022095077
2020-03-05,78.1772087535367,110,0.03,0.25,0.9588877855014896,0.0,30.920398303322344
2020-03-06,80.29145320597453,110,0.03,0.25,0.9579940417080437,0.0,28.866881063130588
2020-03-09,80.97868978511146,110,0.03,0.25,0.9571002979145978,0.0,28.199870512724008
2020-03-10,77.452609474386,110,0.03,0.25,0.956206554121152,0.0,31.626994132516252
2020-03-11,78.10077741317558,110,0.03,0.25,0.9553128103277061,0.0,30.997986627160792
2020-03-12,77.33061285234295,110,0.03,0.25,0.9544190665342602,0.0,31.747243242754593
2020-03-13,75.97676885173104,110,0.03,0.25,0.9535253227408143,0.0,33.063759409661166
2020-03-16,77.20012142941277,110,0.03,0.25,0.9526315789473684,0.0,31.875760623712335
2020-03-17,79.26212047440467,110,0.03,0.25,0.9517378351539225,0.0,29.87265817484954
2020-03-18,81.12468071263706,110,0.03,0.25,0.9508440913604767,0.0,28.063278411466875
2020-03-19,79.44624566619179,110,0.03,0.25,0.9499503475670308,0.0,29.695308165101668
2020-03-20,78.82782091448937,110,0.03,0.25,0.9490566037735849,0.0,30.297169821678576
2020-03-23,79.49034777729649,110,0.03,0.25,0.948162859980139,0.0,29.65403530225909
2020-03-24,81.44143803154121,110,0.03,0.25,0.9472691161866932,0.0,27.758405950950518
2020-03-25,80.48308955585063,110,0.03,0.25,0.9463753723932473,0.0,28.690672597278397
2020-03-26,80.11177160252299,110,0.03,0.25,0.9454816285998013,0.0,29.052375563263457
2020-03-27,77.89910165451093,110,0.03,0.25,0.9445878848063555,0.0,31.204002724574185
2020-03-30,75.5066884063496,110,0.03,0.25,0.9436941410129096,0.0,33.530471223317946
2020-03-31,77.131740051138,110,0.03,0.25,0.9428003972194637,0.0,31.951637676642434
2020-04-01,79.84422010827964,110,0.03,0.25,0.9419066534260179,0.0,29.31558863105645
2020-04-02,79.70019986511898,110,0.03,0.25,0.941012909632572,0.0,29.456386008837995
2020-04-03,81.70726566090302,110,0.03,0.25,0.9401191658391261,0.0,27.505925648205544
2020-04-06,82.4305377109983,110,0.03,0.25,0.9392254220456803,0.0,26.803486134485148
2020-04-07,81.14029820178804,110,0.03,0.25,0.9383316782522344,0.0,28.05863058106003
2020-04-08,81.86308941280487,110,0.03,0.25,0.9374379344587884,0.0,27.35663568297449
2020-04-09,84.9391625457368,110,0.03,0.25,0.9365441906653426,0.0,24.3665195672345
2020-04-10,84.8675104675169,110,0.03,0.25,0.9356504468718967,0.0,24.436841702996023
2020-04-13,87.99679777914491,110,0.03,0.25,0.9347567030784508,0.0,21.39474427347806
2020-04-14,82.75730757096542,110,0.03,0.25,0.933862959285005,0.0,26.490056300355523
2020-04-15,84.40111257971587,110,0.03,0.25,0.9329692154915591,0.0,24.892332241322727
2020-04-16,84.57520671619221,110,0.03,0.25,0.9320754716981132,0.0,24.72370616994233
2020-04-17,83.97719201526047,110,0.03,0.25,0.9311817279046674,0.0,25.30590915309169
2020-04-20,84.16071356833149,110,0.03,0.25,0.9302879841112215,0.0,25.12811714449404
2020-04-21,80.18557573912969,110,0.03,0.25,0.9293942403177755,0.0,28.99462548750533
2020-04-22,79.74623196345468,110,0.03,0.25,0.9285004965243296,0.0,29.42267763139696
2020-04-23,80.46045710647817,110,0.03,0.25,0.9276067527308838,0.0,28.728842987404217
2020-04-24,83.4162451959612,110,0.03,0.25,0.9267130089374379,0.0,25.85486843593231
2020-04-27,82.3797047594139,110,0.03,0.25,0.925819265143992,0.0,26.863708769257375
2020-04-28,80.76271755362752,110,0.03,0.25,0.9249255213505462,0.0,28.43716525335705
2020-04-29,79.75920346645846,110,0.03,0.25,0.9240317775571003,0.0,29.414005487314206
2020-04-30,81.5900077018626,110,0.03,0.25,0.9231380337636544,0.0,27.633996825455558
2020-05-01,82.24750992118197,110,0.03,0.25,0.9222442899702086,0.0,26.995177529621166
2020-05-04,81.18798951364789,110,0.03,0.25,0.9213505461767626,0.0,28.026537091249065
2020-05-05,82.2145243798746,110,0.03,0.25,0.9204568023833168,0.0,27.028712324159045
2020-05-06,82.40867947857069,110,0.03,0.25,0.9195630585898709,0.0,26.840564868328727
2020-05-07,84.34596945963646,110,0.03,0.25,0.918669314796425,0.0,24.956657391033392
2020-05-08,82.94186327188176,110,0.03,0.25,0.9177755710029791,0.0,26.323300464628865
2020-05-11,82.28653897868622,110,0.03,0.25,0.9168818272095333,0.0,26.961550561150833
2020-05-12,81.50232267242191,110,0.03,0.25,0.9159880834160874,0.0,27.725233194199205
2020-05-13,78.57529277615767,110,0.03,0.25,0.9150943396226415,0.0,30.573744188462964
2020-05-14,79.16753333028682,110,0.03,0.25,0.9142005958291957,0.0,29.998345482892432
2020-05-15,79.6896438746466,110,0.03,0.25,0.9133068520357498,0.0,29.49115048769914
2020-05-18,79.69987078793152,110,0.03,0.25,0.9124131082423039,0.0,29.481990449560534
2020-05-19,79.23069652118123,110,0.03,0.25,0.911519364448858,0.0,29.939299196044608
2020-05-20,76.39995503708039,110,0.03,0.25,0.9106256206554121,0.0,32.69455782003456
2020-05-21,75.55866439154968,110,0.03,0.25,0.9097318768619662,0.0,33.514075113549616
2020-05-22,74.87323535849615,110,0.03,0.25,0.9088381330685203,0.0,34.1819668974027
2020-05-25,73.26868082005291,110,0.03,0.25,0.9079443892750745,0.0,35.74432242021464
2020-05-26,72.94610939672089,110,0.03,0.25,0.9070506454816286,0.0,36.05919293663324
2020-05-27,73.75421111034996,110,0.03,0.25,0.9061569016881827,0.0,35.27373016524611
2020-05-28,77.52658291277102,110,0.03,0.25,0.9052631578947369,0.0,31.603375171988088
2020-05-29,77.87573853843469,110,0.03,0.25,0.904369414101291,0.0,31.264412535717845
2020-06-01,78.39083931988023,110,0.03,0.25,0.903475670307845,0.0,30.76392395818957
2020-06-02,78.24194748834789,110,0.03,0.25,0.9025819265143992,0.0,30.90966313404597
2020-06-03,74.40440505774981,110,0.03,0.25,0.9016881827209533,0.0,34.64561779735324
2020-06-04,74.35137730685138,110,0.03,0.25,0.9007944389275074,0.0,34.698160666294704
2020-06-05,74.47183772673343,110,0.03,0.25,0.8999006951340616,0.0,34.58183916357846
2020-06-08,79.39832195170399,110,0.03,0.25,0.8990069513406157,0.0,29.787374733975355
2020-06-09,79.01360002214176,110,0.03,0.25,0.8981132075471698,0.0,30.162668025329914
2020-06-10,79.61669470680897,110,0.03,0.25,0.897219463753724,0.0,29.5763988063638
2020-06-11,79.54727116739849,110,0.03,0.25,0.8963257199602781,0.0,29.644773460197346
2020-06-12,77.20991509215943,110,0.03,0.25,0.8954319761668321,0.0,31.920971928673808
2020-06-15,79.49556072118946,110,0.03,0.25,0.8945382323733863,0.0,29.696704384761503
2020-06-16,80.99942678656302,110,0.03,0.25,0.8936444885799404,0.0,28.233416568835427
2020-06-17,82.58149068064911,110,0.03,0.25,0.8927507447864945,0.0,26.69391897154906
2020-06-18,80.76271577105963,110,0.03,0.25,0.8918570009930487,0.0,28.465392236398877
2020-06-19,83.56830439293182,110,0.03,0.25,0.8909632571996028,0.0,25.73456380510079
2020-06-22,80.76460226734727,110,0.03,0.25,0.8900695134061569,0.0,28.46508193389195
2020-06-23,81.93831645494781,110,0.03,0.25,0.889175769612711,0.0,27.323026216176906
2020-06-24,86.31922770656777,110,0.03,0.25,0.8882820258192652,0.0,23.058050304346047
2020-06-25,84.33815505630639,110,0.03,0.25,0.8873882820258192,0.0,24.987697599779704
2020-06-26,83.20555959710084,110,0.03,0.25,0.8864945382323733,0.0,26.091238862133142
2020-06-29,83.40486232727613,110,0.03,0.25,0.8856007944389275,0.0,25.897861066419104
2020-06-30,82.39791101904373,110,0.03,0.25,0.8847070506454816,0.0,26.87913260715877
2020-07-01,79.29658415691146,110,0.03,0.25,0.8838133068520357,0.0,29.900030918069568
2020-07-02,79.43371010652352,110,0.03,0.25,0.8829195630585899,0.0,29.767291122385398
2020-07-03,77.30910267907132,110,0.03,0.25,0.882025819265144,0.0,31.837215210925557
2020-07-06,78.25628754034167,110,0.03,0.25,0.8811320754716981,0.0,30.915593811323994
2020-07-07,76.41743907187407,110,0.03,0.25,0.8802383316782523,0.0,32.707348004746535
2020-07-08,79.51730788190915,110,0.03,0.25,0.8793445878848063,0.0,29.68906254088452
2020-07-09,77.95080129723667,110,0.03,0.25,0.8784508440913604,0.0,31.21562142640973
2020-07-10,77.30667826482532,110,0.03,0.25,0.8775571002979146,0.0,31.84384506429875
2020-07-13,78.93371269956467,110,0.03,0.25,0.8766633565044687,0.0,30.259897495457146
2020-07-14,76.47198406669675,110,0.03,0.25,0.8757696127110228,0.0,32.658602505978244
2020-07-15,76.926903935905,110,0.03,0.25,0.874875868917577,0.0,32.21634292593143
2020-07-16,79.54118944446986,110,0.03,0.25,0.8739821251241311,0.0,29.670575581521998
2020-07-17,76.3262229753474,110,0.03,0.25,0.8730883813306852,0.0,32.80322235798067
2020-07-20,76.69549069241202,110,0.03,0.25,0.8721946375372394,0.0,32.44437106826158
2020-07-21,77.21525628090886,110,0.03,0.25,0.8713008937437934,0.0,31.938885539216223
2020-07-22,78.77890202446348,110,0.03,0.25,0.8704071499503476,0.0,30.416397941326213
2020-07-23,76.30500060270731,110,0.03,0.25,0.8695134061569016,0.0,32.8274166043143
2020-07-24,73.66408737653876,110,0.03,0.25,0.8686196623634558,0.0,35.40128046478007
2020-07-27,74.70797050777256,110,0.03,0.25,0.8677259185700099,0.0,34.385170023718736
2020-07-28,75.30193985423892,110,0.03,0.25,0.866832174776564,0.0,33.80736967913747
2020-07-29,75.80292555493068,110,0.03,0.25,0.8659384309831182,0.0,33.320137533235965
2020-07-30,76.49582197392463,110,0.03,0.25,0.8650446871896723,0.0,32.645884789309946
2020-07-31,75.13577253076765,110,0.03,0.25,0.8641509433962264,0.0,33.97200402345683
2020-08-03,75.60027992508967,110,0.03,0.25,0.8632571996027805,0.0,33.520282755365514
2020-08-04,76.18642487168702,110,0.03,0.25,0.8623634558093347,0.0,32.950006202811934
2020-08-05,74.75772203563429,110,0.03,0.25,0.8614697120158887,0.0,34.3431420336018
2020-08-06,78.4892710579238,110,0.03,0.25,0.8605759682224429,0.0,30.70761932030582
2020-08-07,79.43693689974737,110,0.03,0.25,0.859682224428997,0.0,29.784905099183703
2020-08-10,77.05432990534207,110,0.03,0.25,0.8587884806355511,0.0,32.1077100425959
2020-08-11,78.36743712260974,110,0.03,0.25,0.8578947368421053,0.0,30.82882776772244
2020-08-12,76.41807378215509,110,0.03,0.25,0.8570009930486594,0.0,32.72953830588497
2020-08-13,77.99224298964,110,0.03,0.25,0.8561072492552135,0.0,31.19616162851197
2020-08-14,80.3094341476548,110,0.03,0.25,0.8552135054617676,0.0,28.93850155197166
2020-08-17,78.66806951095138,110,0.03,0.25,0.8543197616683218,0.0,30.53910911028337
2020-08-18,80.59482176944003,110,0.03,0.25,0.8534260178748758,0.0,28.661879761859417
2020-08-19,81.42038362331303,110,0.03,0.25,0.85253227408143,0.0,27.85793322819349
2020-08-20,83.064503943302,110,0.03,0.25,0.8516385302879841,0.0,26.25603367369839
2020-08-21,86.8580899086099,110,0.03,0.25,0.8507447864945382,0.0,22.558747799948225
2020-08-24,86.36731367660416,110,0.03,0.25,0.8498510427010924,0.0,23.037774452233506
2020-08-25,84.85984134788917,110,0.03,0.25,0.8489572989076465,0.0,24.507955887007647
2020-08-26,83.08081248863813,110,0.03,0.25,0.8480635551142006,0.0,26.242950906210783
2020-08-27,81.44919191870726,110,0.03,0.25,0.8471698113207548,0.0,27.834329847031324
2020-08-28,81.29498849987905,110,0.03,0.25,0.8462760675273089,0.0,27.98541389789899
2020-08-31,81.97729244951233,110,0.03,0.25,0.8453823237338629,0.0,27.320946955936297
2020-09-01,82.53067404817237,110,0.03,0.25,0.844488579940417,0.0,26.782141535841685
2020-09-02,84.18504054624442,110,0.03,0.25,0.8435948361469712,0.0,25.169836230720904
2020-09-03,84.21104433000023,110,0.03,0.25,0.8427010923535253,0.0,25.145156479749286
2020-09-04,87.11811248431486,110,0.03,0.25,0.8418073485600794,0.0,22.31125900048256
2020-09-07,86.58879881783895,110,0.03,0.25,0.8409136047666336,0.0,22.827984705527562
2020-09-08,92.02913715101819,110,0.03,0.25,0.8400198609731877,0.0,17.523645141598163
2020-09-09,93.28047184654821,110,0.03,0.25,0.8391261171797418,0.0,16.30388793932888
2020-09-10,91.56615673371564,110,0.03,0.25,0.838232373386296,0.0,17.976067895929514
2020-09-11,89.42437173759342,110,0.03,0.25,0.83733862959285,0.0,20.06520303319769
2020-09-14,90.38931656807978,110,0.03,0.25,0.8364448857994041,0.0,19.124708623448228
2020-09-15,89.94239099742808,110,0.03,0.25,0.8355511420059583,0.0,19.56108334629084
2020-09-16,91.37039198561227,110,0.03,0.25,0.8346573982125124,0.0,18.16891963444945
2020-09-17,92.31686723475936,110,0.03,0.25,0.8337636544190665,0.0,17.246312016663694
2020-09-18,92.17120940944561,110,0.03,0.25,0.8328699106256207,0.0,17.388837932235436
2020-09-21,90.4776219733088,110,0.03,0.25,0.8319761668321748,0.0,19.041144040098956
2020-09-22,87.44792752393707,110,0.03,0.25,0.8310824230387289,0.0,21.99674515353818
2020-09-23,86.55489761980303,110,0.03,0.25,0.8301886792452831,0.0,22.868398034205363
2020-09-24,88.26769520844998,110,0.03,0.25,0.8292949354518371,0.0,21.198300333988534
2020-09-25,88.69588269671038,110,0.03,0.25,0.8284011916583913,0.0,20.781191418845783
2020-09-28,86.20440513928641,110,0.03,0.25,0.8275074478649453,0.0,23.21213611315044
2020-09-29,86.55076699098876,110,0.03,0.25,0.8266137040714995,0.0,22.874880239824915
2020-09-30,87.32140175044644,110,0.03,0.25,0.8257199602780536,0.0,22.12371416935705
2020-10-01,85.55368687804418,110,0.03,0.25,0.8248262164846077,0.0,23.848817264029314
2020-10-02,85.86113708993523,110,0.03,0.25,0.8239324726911619,0.0,23.549512895487737
2020-10-05,85.97755452682723,110,0.03,0.25,0.823038728897716,0.0,23.436566168900274
2020-10-06,83.69161393116599,110,0.03,0.25,0.8221449851042701,0.0,25.667443545597024
2020-10-07,84.40718865186255,110,0.03,0.25,0.8212512413108242,0.0,24.969971629290438
2020-10-08,85.52875770459902,110,0.03,0.25,0.8203574975173784,0.0,23.876337824719837
2020-10-09,87.69486019094957,110,0.03,0.25,0.8194637537239324,0.0,21.763477569806412
2020-10-12,89.80246429501938,110,0.03,0.25,0.8185700099304866,0.0,19.707583321759913
2020-10-13,87.0471255591052,110,0.03,0.25,0.8176762661370407,0.0,22.396683472793327
2020-10-14,85.17147547927495,110,0.03,0.25,0.8167825223435948,0.0,24.227532639515353
2020-10-15,86.20154601369227,110,0.03,0.25,0.815888778550149,0.0,23.223018340646487
2020-10-16,87.2291179155167,110,0.03,0.25,0.8149950347567031,0.0,22.220888439116464
2020-10-19,88.25921328812879,110,0.03,0.25,0.8141012909632572,0.0,21.21624219484859
2020-10-20,95.96467626943823,110,0.03,0.25,0.8132075471698113,0.0,13.697057778543234
2020-10-21,97.10645729082457,110,0.03,0.25,0.8123138033763655,0.0,12.583132249934229
2020-10-22,99.37758857118575,110,0.03,0.25,0.8114200595829195,0.0,10.366956134932481
2020-10-23,101.28559209817216,110,0.03,0.25,0.8105263157894737,0.0,8.505065669224653
2020-10-26,102.58837460078377,110,0.03,0.25,0.8096325719960278,0.0,7.233773266012598
2020-10-27,101.95783611150307,110,0.03,0.25,0.8087388282025819,0.0,7.849391575566932
2020-10-28,103.4757745524896,110,0.03,0.25,0.807845084409136,0.0,6.3680091681815885
2020-10-29,101.93012412341446,110,0.03,0.25,0.8069513406156902,0.0,7.87686168408367
2020-10-30,101.45648690993444,110,0.03,0.25,0.8060575968222443,0.0,8.339394102631461
2020-11-02,100.48575981427624,110,0.03,0.25,0.8051638530287983,0.0,9.28717789242938
2020-11-03,100.64950809304888,110,0.03,0.25,0.8042701092353526,0.0,9.127582279864608
2020-11-04,105.2788252263959,110,0.03,0.25,0.8033763654419066,0.0,4.608748616509089
2020-11-05,101.5442948412124,110,0.03,0.25,0.8024826216484607,0.0,8.254569300382345
2020-11-06,102.91681522196143,110,0.03,0.25,0.8015888778550149,0.0,6.914882463409616
2020-11-09,99.69138347958213,110,0.03,0.25,0.800695134061569,0.0,10.063945120338493
2020-11-10,98.74751974800326,110,0.03,0.25,0.7998013902681231,0.0,10.985701125177146
2020-11-11,100.92542094193799,110,0.03,0.25,0.7989076464746773,0.0,8.859672188521579
2020-11-12,101.05398098012891,110,0.03,0.25,0.7980139026812314,0.0,8.734390933331236
2020-11-13,98.8984914242703,110,0.03,0.25,0.7971201588877854,0.0,10.839180592325164
2020-11-16,97.46788400575036,110,0.03,0.25,0.7962264150943397,0.0,12.236310922553397
2020-11-17,98.82707950361971,110,0.03,0.25,0.7953326713008937,0.0,10.909490055219793
2020-11-18,97.36634624018545,110,0.03,0.25,0.7944389275074478,0.0,12.336113516716694
2020-11-19,97.79926341934939,110,0.03,0.25,0.793545183714002,0.0,11.913711573437618
2020-11-20,97.89040709915702,110,0.03,0.25,0.7926514399205561,0.0,11.825029120852708
2020-11-23,96.58720640394539,110,0.03,0.25,0.7917576961271102,0.0,13.097957035635826
2020-11-24,100.87509458259603,110,0.03,0.25,0.7908639523336644,0.0,8.910956755006247
2020-11-25,102.14293262723206,110,0.03,0.25,0.7899702085402185,0.0,7.673051022374057
2020-11-26,98.09264745391684,110,0.03,0.25,0.7890764647467726,0.0,11.628788331822383
2020-11-27,98.4655560834557,110,0.03,0.25,0.7881827209533268,0.0,11.264905673918276
2020-11-30,97.14198315391893,110,0.03,0.25,0.7872889771598808,0.0,12.557885896964752
2020-12-01,98.84684982351138,110,0.03,0.25,0.7863952333664349,0.0,10.893106173944838
2020-12-02,97.26180834664598,110,0.03,0.25,0.785501489572989,0.0,12.441524809931233
2020-12-03,97.03233546371217,110,0.03,0.25,0.7846077457795432,0.0,12.665992971052345
2020-12-04,98.04231002167309,110,0.03,0.25,0.7837140019860973,0.0,11.679826982906485
2020-12-07,99.77382041001333,110,0.03,0.25,0.7828202581926514,0.0,9.988819833059646
2020-12-08,97.37322759590178,110,0.03,0.25,0.7819265143992056,0.0,12.33402320952676
2020-12-09,96.70422512421989,110,0.03,0.25,0.7810327706057597,0.0,12.98786322260709
2020-12-10,95.75433450189797,110,0.03,0.25,0.7801390268123138,0.0,13.916128817919349
2020-12-11,94.44767603675055,110,0.03,0.25,0.7792452830188679,0.0,15.192968467252685
2020-12-14,97.97858451731274,110,0.03,0.25,0.778351539225422,0.0,11.7439608308635
2020-12-15,98.78854793923465,110,0.03,0.25,0.7774577954319761,0.0,10.952985061425554
2020-12-16,96.26678003056456,110,0.03,0.25,0.7765640516385303,0.0,13.416976276659193
2020-12-17,98.10250392467411,110,0.03,0.25,0.7756703078450844,0.0,11.623836435614393
2020-12-18,102.34681631869938,110,0.03,0.25,0.7747765640516385,0.0,7.477349855636932
2020-12-21,104.41174683980168,110,0.03,0.25,0.7738828202581927,0.0,5.4600080276406535
2020-12-22,101.37300690789365,110,0.03,0.25,0.7729890764647468,0.0,8.429237752193167
2020-12-23,100.40453876216114,110,0.03,0.25,0.7720953326713009,0.0,9.375757222260502
2020-12-24,102.93836106053439,110,0.03,0.25,0.771201588877855,0.0,6.900135998232202
2020-12-25,101.52302212929683,110,0.03,0.25,0.7703078450844092,0.0,8.283327567185909
2020-12-28,102.41066098558929,110,0.03,0.25,0.7694141012909632,0.0,7.416165007373062
2020-12-29,103.95992909244796,110,0.03,0.25,0.7685203574975173,0.0,5.902406451052546
2020-12-30,102.10606814929179,110,0.03,0.25,0.7676266137040715,0.0,7.7142212866450715
2020-12-31,101.98701743716819,110,0.03,0.25,0.7667328699106256,0.0,7.830771689094873
2021-01-01,95.50448275703005,110,0.03,0.25,0.7658391261171797,0.0,14.166276875134074
2021-01-04,93.45570747436147,110,0.03,0.25,0.7649453823237339,0.0,16.168951325202713
2021-01-05,92.95057117157515,110,0.03,0.25,0.764051638530288,0.0,16.663074344754293
2021-01-06,90.45500480764545,110,0.03,0.25,0.763157894736842,0.0,19.10260124131996
2021-01-07,93.71982741550872,110,0.03,0.25,0.7622641509433963,0.0,15.91210335595531
2021-01-08,90.85954465958746,110,0.03,0.25,0.7613704071499503,0.0,18.70822119822482
2021-01-11,89.97945568619349,110,0.03,0.25,0.7604766633565044,0.0,19.568960483116232
2021-01-12,90.24093684076567,110,0.03,0.25,0.7595829195630586,0.0,19.313895146398885
2021-01-13,93.1234834188979,110,0.03,0.25,0.7586891757696127,0.0,16.496734115477384
2021-01-14,90.25175911653902,110,0.03,0.25,0.7577954319761668,0.0,19.304351855407177
2021-01-15,92.57808662084895,110,0.03,0.25,0.756901688182721,0.0,17.03077076358092
2021-01-18,92.59855274288812,110,0.03,0.25,0.7560079443892751,0.0,17.011220234312262
2021-01-19,90.63553544079221,110,0.03,0.25,0.7551142005958291,0.0,18.930724491855965
2021-01-20,91.55974238931876,110,0.03,0.25,0.7542204568023834,0.0,18.027701994374603
2021-01-21,91.95786178046569,110,0.03,0.25,0.7533267130089374,0.0,17.63896248493621
2021-01-22,90.7574280261481,110,0.03,0.25,0.7524329692154915,0.0,18.813075355106225
2021-01-25,90.89703219612814,110,0.03,0.25,0.7515392254220457,0.0,18.677087936930498
2021-01-26,90.12640500240462,110,0.03,0.25,0.7506454816285998,0.0,19.431055821048307
2021-01-27,90.35343969290712,110,0.03,0.25,0.7497517378351539,0.0,19.20959171676554
2021-01-28,91.6777010419492,110,0.03,0.25,0.748857994041708,0.0,17.91526424410169
2021-01-29,94.84973467423991,110,0.03,0.25,0.7479642502482622,0.0,14.814095372171906
2021-02-01,92.37410367658622,110,0.03,0.25,0.7470705064548162,0.0,17.235256587488625
2021-02-02,96.64017042589875,110,0.03,0.25,0.7461767626613705,0.0,13.064088222137649
2021-02-03,92.73599482685374,110,0.03,0.25,0.7452830188679245,0.0,16.882291251409598
2021-02-04,92.43242463678259,110,0.03,0.25,0.7443892750744787,0.0,17.179610004500383
2021-02-05,93.60905904975174,110,0.03,0.25,0.7434955312810327,0.0,16.029390367756978
2021-02-08,94.1710427852218,110,0.03,0.25,0.7426017874875869,0.0,15.480217897230979
2021-02-09,92.92564374558062,110,0.03,0.25,0.741708043694141,0.0,16.698626363823582
2021-02-10,92.50939924486606,110,0.03,0.25,0.7408142999006951,0.0,17.10616984251126
2021-02-11,91.5233973755484,110,0.03,0.25,0.7399205561072493,0.0,18.070984613369088
2021-02-12,90.34466786165997,110,0.03,0.25,0.7390268123138033,0.0,19.224352847111035
2021-02-15,92.04387205570202,110,0.03,0.25,0.7381330685203575,0.0,17.562877723893187
2021-02-16,92.75790302763211,110,0.03,0.25,0.7372393247269116,0.0,16.864936650311122
2021-02-17,91.37208383711081,110,0.03,0.25,0.7363455809334658,0.0,18.22093043267914
2021-02-18,93.17128358797731,110,0.03,0.25,0.7354518371400198,0.0,16.461481253939482
2021-02-19,93.78588262973052,110,0.03,0.25,0.734558093346574,0.0,15.86071920949387
2021-02-22,95.41160686740845,110,0.03,0.25,0.7336643495531281,0.0,14.270811410240766
2021-02-23,96.67086455125568,110,0.03,0.25,0.7327706057596822,0.0,13.039316720042796
2021-02-24,95.01287452941153,110,0.03,0.25,0.7318768619662364,0.0,14.66164975728677
2021-02-25,93.89251244901759,110,0.03,0.25,0.7309831181727904,0.0,15.758103416796915
2021-02-26,95.38709965926411,110,0.03,0.25,0.7300893743793446,0.0,14.296318296496187
2021-03-01,96.60784019013104,110,0.03,0.25,0.7291956305858986,0.0,13.102375871408839
2021-03-02,96.56603700220275,110,0.03,0.25,0.7283018867924529,0.0,13.1436269145956
2021-03-03,96.80069176882031,110,0.03,0.25,0.7274081429990069,0.0,12.914389789092654
2021-03-04,99.35602156039715,110,0.03,0.25,0.726514399205561,0.0,10.414498226059921
2021-03-05,98.1728787827255,110,0.03,0.25,0.7256206554121152,0.0,11.57244316562045
2021-03-08,99.26707354506557,110,0.03,0.25,0.7247269116186693,0.0,10.502091710944239
2021-03-09,98.86268824019778,110,0.03,0.25,0.7238331678252234,0.0,10.898072035817988
2021-03-10,98.42732583374334,110,0.03,0.25,0.7229394240317775,0.0,11.324386085348092
2021-03-11,100.62487953771773,110,0.03,0.25,0.7220456802383317,0.0,9.174226183188647
2021-03-12,102.27571223569379,110,0.03,0.25,0.7211519364448857,0.0,7.558970938229658
2021-03-15,103.90273150769507,110,0.03,0.25,0.72025819265144,0.0,5.966933458928926
2021-03-16,106.51368912200373,110,0.03,0.25,0.719364448857994,0.0,3.4118790775432775
2021-03-17,106.55569680526924,110,0.03,0.25,0.7184707050645481,0.0,3.3708586263354063
2021-03-18,107.91960274785916,110,0.03,0.25,0.7175769612711023,0.0,2.0360905114906163
2021-03-19,107.29906923467226,110,0.03,0.25,0.7166832174776564,0.0,2.643479244077479
2021-03-22,107.94740193964914,110,0.03,0.25,0.7157894736842105,0.0,2.008991094552454
2021-03-23,107.68711583091377,110,0.03,0.25,0.7148957298907646,0.0,2.263808182896521
2021-03-24,107.88110776089921,110,0.03,0.25,0.7140019860973188,0.0,2.073988082834205
2021-03-25,109.07142181177304,110,0.03,0.25,0.7131082423038728,0.0,0.9089238698789699
2021-03-26,107.43498044530608,110,0.03,0.25,0.7122144985104271,0.0,2.5107955805928235
2021-03-29,111.61975499667702,110,0.03,0.25,0.7113207547169811,1.5855562284555214,0.0
2021-03-30,109.60772023367761,110,0.03,0.25,0.7104270109235352,0.0,0.38400764625250233
2021-03-31,107.17934300810214,110,0.03,0.25,0.7095332671300894,0.0,2.7612509937728853
2021-04-01,109.49556475510228,110,0.03,0.25,0.7086395233366435,0.0,0.493824549351223
2021-04-02,111.07889014302815,110,0.03,0.25,0.7077457795431976,1.0562242218222209,0.0
2021-04-05,112.32712977713246,110,0.03,0.25,0.7068520357497518,2.2783012325990546,0.0
2021-04-06,113.58382079566101,110,0.03,0.25,0.7059582919563059,3.508718053675915,0.0
2021-04-07,113.5593272499672,110,0.03,0.25,0.7050645481628599,3.484831231183298,0.0
2021-04-08,111.76481850699552,110,0.03,0.25,0.7041708043694141,1.7279275321153253,0.0
2021-04-09,111.91642762338299,110,0.03,0.25,0.7032770605759682,1.8764177899302095,0.0
2021-04-12,110.56210420035876,110,0.03,0.25,0.7023833167825223,0.5503837394844916,0.0
2021-04-13,112.51234366719426,110,0.03,0.25,0.7014895729890764,2.4600246303890407,0.0
2021-04-14,112.21822890418998,110,0.03,0.25,0.7005958291956306,2.1720929844994847,0.0
2021-04-15,110.56723451060496,110,0.03,0.25,0.6997020854021847,0.5554517544360518,0.0
2021-04-16,109.92446282729897,110,0.03,0.25,0.6988083416087388,0.0,0.07397007640340925
2021-04-19,110.75032573585023,110,0.03,0.25,0.697914597815293,0.7347791580129802,0.0
2021-04-20,109.62287663024227,110,0.03,0.25,0.697020854021847,0.0,0.36931936186287534
2021-04-21,107.97843583910941,110,0.03,0.25,0.6961271102284012,0.0,1.9797839756289102
2021-04-22,108.46581026209323,110,0.03,0.25,0.6952333664349553,0.0,1.5025225304743435
2021-04-23,108.95574340431068,110,0.03,0.25,0.6943396226415095,0.0,1.0227295186812455
2021-04-26,107.94185705356841,110,0.03,0.25,0.6934458788480635,0.0,2.0157689137878143
2021-04-27,106.99978044233177,110,0.03,0.25,0.6925521350546177,0.0,2.9385283882726196
2021-04-28,107.46388031704704,110,0.03,0.25,0.6916583912611718,0.0,2.48403803839373
2021-04-29,104.5677116340524,110,0.03,0.25,0.6907646474677259,0.0,5.3208737890994975
2021-04-30,101.75278408529928,110,0.03,0.25,0.6898709036742801,0.0,8.078284627336604
2021-05-03,100.31589564279442,110,0.03,0.25,0.6889771598808341,0.0,9.485995001031037
2021-05-04,99.88900133937072,110,0.03,0.25,0.6880834160873883,0.0,9.904421812594366
2021-05-05,100.51081647056672,110,0.03,0.25,0.6871896722939423,0.0,9.295560159095187
2021-05-06,103.46152890446584,110,0.03,0.25,0.6862959285004966,0.0,6.405227685745426
2021-05-07,105.17684815086987,110,0.03,0.25,0.6854021847070506,0.0,4.724990542813848
2021-05-10,104.85697109094302,110,0.03,0.25,0.6845084409136047,0.0,5.038492522169367
2021-05-11,104.81893867513764,110,0.03,0.25,0.6836146971201589,0.0,5.075887991622605
2021-05-12,102.81387994586203,110,0.03,0.25,0.682720953326713,0.0,7.04043365238501
2021-05-13,102.77685367387724,110,0.03,0.25,0.6818272095332671,0.0,7.07689902496812
2021-05-14,102.19953639603696,110,0.03,0.25,0.6809334657398212,0.0,7.642732255892252
2021-05-17,102.84497351671314,110,0.03,0.25,0.6800397219463754,0.0,7.010534334231875
2021-05-18,101.1905116296085,110,0.03,0.25,0.6791459781529294,0.0,8.631816634322137
2021-05-19,102.22920465809084,110,0.03,0.25,0.6782522343594837,0.0,7.614276353287596
2021-05-20,105.294682484096,110,0.03,0.25,0.6773584905660377,0.0,4.610666856227238
2021-05-21,105.07716218718228,110,0.03,0.25,0.6764647467725918,0.0,4.8239409238205
2021-05-24,105.88058563138017,110,0.03,0.25,0.675571002979146,0.0,4.03676601321447
2021-05-25,107.26087361480239,110,0.03,0.25,0.6746772591857001,0.0,2.6842428999901484
2021-05-26,106.45843267103072,110,0.03,0.25,0.6737835153922542,0.0,3.4706985050844517
2021-05-27,106.90661763465155,110,0.03,0.25,0.6728897715988083,0.0,3.031563265620905
2021-05-28,106.93180243621514,110,0.03,0.25,0.6719960278053625,0.0,3.0069623873763023
2021-05-31,107.1271546333128,110,0.03,0.25,0.6711022840119165,0.0,2.8155845264461696
2021-06-01,105.58113506560187,110,0.03,0.25,0.6702085402184708,0.0,4.330905336197167
2021-06-02,105.63015541411976,110,0.03,0.25,0.6693147964250248,0.0,4.282975595866633
2021-06-03,106.62615199661066,110,0.03,0.25,0.6684210526315789,0.0,3.3068672866339837
2021-06-04,109.52843921220074,110,0.03,0.25,0.667527308838133,0.0,0.46221132447352203
2021-06-07,111.44698086437116,110,0.03,0.25,0.6666335650446872,1.418330132027006,0.0
2021-06-08,115.75334577939427,110,0.03,0.25,0.6657398212512413,5.639578708387337,0.0
2021-06-09,114.21865065361817,110,0.03,0.25,0.6648460774577953,4.135341630403689,0.0
2021-06-10,115.96329192705952,110,0.03,0.25,0.6639523336643496,5.84568683028477,0.0
2021-06-11,116.32997593853622,110,0.03,0.25,0.6630585898709036,6.205305657246866,0.0
2021-06-14,120.70958180497158,110,0.03,0.25,0.6621648460774578,10.498935710907082,0.0
2021-06-15,119.09298523426126,110,0.03,0.25,0.6612711022840119,8.914374888754072,0.0
2021-06-16,117.41354154989972,110,0.03,0.25,0.660377358490566,7.268114804768416,0.0
2021-06-17,116.21475625901166,110,0.03,0.25,0.6594836146971201,6.09300869049115,0.0
2021-06-18,111.96696481039206,110,0.03,0.25,0.6585898709036743,1.9284835200058823,0.0
2021-06-21,110.91545476703054,110,0.03,0.25,0.6576961271102284,0.8975690659803686,0.0
2021-06-22,109.39718944392314,110,0.03,0.25,0.6568023833167825,0.0,0.59104898968547
2021-06-23,109.69797701687556,110,0.03,0.25,0.6559086395233367,0.0,0.29613808779287465
2021-06-24,110.38148896842988,110,0.03,0.25,0.6550148957298907,0.374065713726084,0.0
2021-06-25,114.13383064686164,110,0.03,0.25,0.6541211519364449,4.053500626227959,0.0
2021-06-28,116.03467832323375,110,0.03,0.25,0.653227408142999,5.917569037577979,0.0
2021-06-29,114.88087101190894,110,0.03,0.25,0.6523336643495531,4.786280901304184,0.0
2021-06-30,113.08404166921223,110,0.03,0.25,0.6514399205561072,3.024354769555684,0.0
2021-07-01,114.06788001222523,110,0.03,0.25,0.6505461767626614,3.9892593891903445,0.0
2021-07-02,111.42741359818396,110,0.03,0.25,0.6496524329692155,1.3998632608937218,0.0
2021-07-05,115.09033112989266,110,0.03,0.25,0.6487586891757696,4.992217115251692,0.0
2021-07-06,117.44921137133524,110,0.03,0.25,0.6478649453823238,7.305826804973114,0.0
2021-07-07,116.51086006712583,110,0.03,0.25,0.6469712015888778,6.385708370298385,0.0
2021-07-08,113.08459100894407,110,0.03,0.25,0.646077457795432,3.0253801431626877,0.0
2021-07-09,115.7923357572749,110,0.03,0.25,0.645183714001986,5.681300178057417,0.0
2021-07-12,115.56325606676965,110,0.03,0.25,0.6442899702085402,5.456758113256749,0.0
2021-07-13,118.03888869071659,110,0.03,0.25,0.6433962264150943,7.885210878330325,0.0
2021-07-14,114.85003337312784,110,0.03,0.25,0.6425024826216484,4.757443820518468,0.0
2021-07-15,113.6512833272203,110,0.03,0.25,0.6416087388282026,3.581674541708522,0.0
2021-07-16,113.66177072665667,110,0.03,0.25,0.6407149950347567,3.592058317397206,0.0
2021-07-19,113.75573191418616,110,0.03,0.25,0.6398212512413108,3.684329465709868,0.0
2021-07-20,112.85560097122766,110,0.03,0.25,0.6389275074478649,2.8013865569910736,0.0
2021-07-21,114.10130083592266,110,0.03,0.25,0.6380337636544191,4.0235443268586675,0.0
2021-07-22,111.96605997715747,110,0.03,0.25,0.6371400198609731,1.9288371875841834,0.0
2021-07-23,111.68130100711488,110,0.03,0.25,0.6362462760675274,1.649513695432532,0.0
2021-07-26,111.92189227053868,110,0.03,0.25,0.6353525322740814,1.8856068063888964,0.0
2021-07-27,112.95076993865618,110,0.03,0.25,0.6344587884806355,2.8951368144867904,0.0
2021-07-28,114.37399969483397,110,0.03,0.25,0.6335650446871897,4.291648398213915,0.0
2021-07-29,112.12471551115823,110,0.03,0.25,0.6326713008937438,2.0847684153040533,0.0
2021-07-30,109.05648716968697,110,0.03,0.25,0.6317775571002979,0.0,0.9257985261663849
2021-08-02,111.611840813484,110,0.03,0.25,0.630883813306852,1.5816211635222033,0.0
2021-08-03,112.27646883744318,110,0.03,0.25,0.6299900695134062,2.2338482811767326,0.0
2021-08-04,110.77949576433008,110,0.03,0.25,0.6290963257199602,0.764922380195644,0.0
2021-08-05,113.88179971537512,110,0.03,0.25,0.6282025819265145,3.809328065422722,0.0
2021-08-06,114.11314898396084,110,0.03,0.25,0.6273088381330685,4.036466361137111,0.0
2021-08-09,116.47174335208848,110,0.03,0.25,0.6264150943396226,6.351259063861331,0.0
2021-08-10,116.6067803149087,110,0.03,0.25,0.6255213505461767,6.483955894365953,0.0
2021-08-11,120.72827616467268,110,0.03,0.25,0.6246276067527309,10.529112713442968,0.0
2021-08-12,124.23895784955909,110,0.03,0.25,0.623733862959285,13.974995579062297,0.0
2021-08-13,123.74102955260095,110,0.03,0.25,0.622840119165839,13.486659497003522,0.0
2021-08-16,125.68417145450965,110,0.03,0.25,0.6219463753723933,15.394243254941022,0.0
2021-08-17,126.97492335367996,110,0.03,0.25,0.6210526315789473,16.661581817162478,0.0
2021-08-18,129.71218646874465,110,0.03,0.25,0.6201588877855015,19.348836342502278,0.0
2021-08-19,127.78233954758444,110,0.03,0.25,0.6192651439920556,17.455029842078623,0.0
2021-08-20,129.1544424675813,110,0.03,0.25,0.6183714001986097,18.80238134982642,0.0
2021-08-23,131.27129144128048,110,0.03,0.25,0.6174776564051638,20.880882224209007,0.0
2021-08-24,127.75381246843426,110,0.03,0.25,0.616583912611718,17.42842967831965,0.0
2021-08-25,125.38729544310272,110,0.03,0.25,0.6156901688182721,15.105689979127733,0.0
2021-08-26,121.30883108758252,110,0.03,0.25,0.6147964250248261,11.102163951698603,0.0
2021-08-27,120.7700174186934,110,0.03,0.25,0.6139026812313804,10.573480514799147,0.0
2021-08-30,122.20510193028532,110,0.03,0.25,0.6130089374379344,11.982698134120037,0.0
2021-08-31,125.20981603447738,110,0.03,0.25,0.6121151936444886,14.933060124499688,0.0
2021-09-01,125.35800559531694,110,0.03,0.25,0.6112214498510427,15.078957542948523,0.0
2021-09-02,128.61523668645953,110,0.03,0.25,0.6103277060575968,18.27749626593206,0.0
2021-09-03,125.85503377002973,110,0.03,0.25,0.6094339622641509,15.567789733875248,0.0
2021-09-06,122.44826889131943,110,0.03,0.25,0.608540218470705,12.223072592855726,0.0
2021-09-07,122.3371734935262,110,0.03,0.25,0.6076464746772592,12.114311782674472,0.0
2021-09-08,123.1053043914048,110,0.03,0.25,0.6067527308838132,12.868912017359007,0.0
2021-09-09,123.03991489521661,110,0.03,0.25,0.6058589870903675,12.805045339672978,0.0
2021-09-10,118.90503069513686,110,0.03,0.25,0.6049652432969215,8.744871431268646,0.0
2021-09-13,118.72679061611129,110,0.03,0.25,0.6040714995034757,8.570066826077062,0.0
2021-09-14,116.11785161510159,110,0.03,0.25,0.6031777557100297,6.008142658511055,0.0
2021-09-15,117.45719671276166,110,0.03,0.25,0.6022840119165839,7.323666184486919,0.0
2021-09-16,118.19039320495534,110,0.03,0.25,0.601390268123138,8.043949541203846,0.0
2021-09-17,116.31063363230064,110,0.03,0.25,0.6004965243296921,6.1979661192186075,0.0
2021-09-20,115.28289979762725,110,0.03,0.25,0.5996027805362463,5.188720150533703,0.0
2021-09-21,113.16447275384935,110,0.03,0.25,0.5987090367428004,3.108142199380758,0.0
2021-09-22,113.039114559303,110,0.03,0.25,0.5978152929493545,2.9850955333866147,0.0
2021-09-23,114.94939920030548,110,0.03,0.25,0.5969215491559086,4.861555989227647,0.0
2021-09-24,112.97794710763439,110,0.03,0.25,0.5960278053624628,2.925172165369661,0.0
2021-09-27,113.98604013867008,110,0.03,0.25,0.5951340615690168,3.9155048340643583,0.0
2021-09-28,112.9255249019252,110,0.03,0.25,0.594240317775571,2.873833085926108,0.0
2021-09-29,111.3397792374005,110,0.03,0.25,0.5933465739821251,1.31614163825144,0.0
2021-09-30,111.12571851749139,110,0.03,0.25,0.5924528301886792,1.105887222500165,0.0
2021-10-01,109.05523387265265,110,0.03,0.25,0.5915590863952334,0.0,0.9281474775969449
2021-10-04,107.94793526195828,110,0.03,0.25,0.5906653426017875,0.0,2.0160225089208317
2021-10-05,105.5521794767806,110,0.03,0.25,0.5897715988083416,0.0,4.369816678267255
2021-10-06,109.48162974261336,110,0.03,0.25,0.5888778550148956,0.0,0.5092929716997066
2021-10-07,109.55215684655683,110,0.03,0.25,0.5879841112214499,0.0,0.4400126796379922
2021-10-08,108.15270583057165,110,0.03,0.25,0.5870903674280039,0.0,1.815043158619535
2021-10-11,108.5806656520401,110,0.03,0.25,0.5861966236345582,0.0,1.3945922713580776
2021-10-12,108.35600955265843,110,0.03,0.25,0.5853028798411122,0.0,1.6153754389607196
2021-10-13,107.914070353592,110,0.03,0.25,0.5844091360476663,0.0,2.0496772779640073
2021-10-14,109.14240375367885,110,0.03,0.25,0.5835153922542204,0.0,0.8427142660233877
2021-10-15,110.65741917377345,110,0.03,0.25,0.5826216484607746,0.6460282137855303,0.0
2021-10-18,109.59641687855239,110,0.03,0.25,0.5817279046673287,0.0,0.3966009575435868
2021-10-19,108.44478039726303,110,0.03,0.25,0.5808341608738827,0.0,1.5283546039361178
2021-10-20,107.89467700295975,110,0.03,0.25,0.579940417080437,0.0,2.069010938546086
2021-10-21,103.29083467348858,110,0.03,0.25,0.579046673286991,0.0,6.593624191784507
2021-10-22,100.26045254909147,110,0.03,0.25,0.5781529294935452,0.0,9.572075577922865
2021-10-25,102.99420108398053,110,0.03,0.25,0.5772591857000993,0.0,6.885518562822505
2021-10-26,106.28413651098309,110,0.03,0.25,0.5763654419066534,0.0,3.652164921780509
2021-10-27,105.78606443187033,110,0.03,0.25,0.5754716981132075,0.0,4.141809933752127
2021-10-28,106.93917835798186,110,0.03,0.25,0.5745779543197617,0.0,3.008513345968427
2021-10-29,107.56167866706893,110,0.03,0.25,0.5736842105263158,0.0,2.396715594761056
2021-11-01,113.71944028397941,110,0.03,0.25,0.5727904667328698,3.656072492160418,0.0
2021-11-02,115.95859010684856,110,0.03,0.25,0.5718967229394241,5.857231151319658,0.0
2021-11-03,115.70275492388703,110,0.03,0.25,0.5710029791459781,5.605898173216926,0.0
2021-11-04,113.79167404268618,110,0.03,0.25,0.5701092353525323,3.727375417005246,0.0
2021-11-05,110.57878140217103,110,0.03,0.25,0.5692154915590864,0.5689817716180827,0.0
2021-11-08,110.98570867390548,110,0.03,0.25,0.5683217477656405,0.9690451409965705,0.0
2021-11-09,109.47300718333688,110,0.03,0.25,0.5674280039721946,0.0,0.518097825999089
2021-11-10,106.62849976414152,110,0.03,0.25,0.5665342601787487,0.0,3.314682331166601
2021-11-11,105.33535399565648,110,0.03,0.25,0.5656405163853029,0.0,4.586158440687933
2021-11-12,103.17225798842769,110,0.03,0.25,0.5647467725918569,0.0,6.713038077519961
2021-11-15,106.54654125857282,110,0.03,0.25,0.5638530287984111,0.0,3.3955327536714393
2021-11-16,108.30982077247171,110,0.03,0.25,0.5629592850049652,0.0,1.661873859187153
2021-11-17,108.29387548983848,110,0.03,0.25,0.5620655412115194,0.0,1.6775970864246963
2021-11-18,111.25376376761854,110,0.03,0.25,0.5611717974180734,1.2328331411159832,0.0
2021-11-19,111.40850038291377,110,0.03,0.25,0.5602780536246276,1.385023682241954,0.0
2021-11-22,109.68593198025724,110,0.03,0.25,0.5593843098311817,0.0,0.30884145559656717
2021-11-23,112.73218013479655,110,0.03,0.25,0.5584905660377358,2.686784586627718,0.0
2021-11-24,113.81000022216588,110,0.03,0.25,0.55759682224429,3.7467970041711833,0.0
2021-11-25,111.73550791351296,110,0.03,0.25,0.556703078450844,1.7067637332963117,0.0
2021-11-26,111.35483055734575,110,0.03,0.25,0.5558093346573982,1.332427033612085,0.0
2021-11-29,109.60359405057623,110,0.03,0.25,0.5549155908639523,0.0,0.38986142023778597
2021-11-30,106.83799458864756,110,0.03,0.25,0.5540218470705065,0.0,3.109885145319834
2021-12-01,108.69034968371085,110,0.03,0.25,0.5531281032770605,0.0,1.2880975009997613
2021-12-02,112.5091829646511,110,0.03,0.25,0.5522343594836147,2.4679557028437644,0.0
2021-12-03,109.71204781701282,110,0.03,0.25,0.5513406156901688,0.0,0.28322856351021836
2021-12-06,110.83798629039396,110,0.03,0.25,0.5504468718967229,0.8242619124172453,0.0
2021-12-07,109.5367011521503,110,0.03,0.25,0.549553128103277,0.0,0.4557232474323074
2021-12-08,108.56245038462092,110,0.03,0.25,0.5486593843098312,0.0,1.4140815323693632
2021-12-09,107.37766253614318,110,0.03,0.25,0.5477656405163853,0.0,2.579596812754157
2021-12-10,105.64968099678354,110,0.03,0.25,0.5468718967229393,0.0,4.279529268641849
2021-12-13,105.7467242526732,110,0.03,0.25,0.5459781529294936,0.0,4.184177316558598
2021-12-14,104.08482401985113,110,0.03,0.25,0.5450844091360476,0.0,5.819234455396503
2021-12-15,104.6257376714108,110,0.03,0.25,0.5441906653426017,0.0,5.2872359439258085
2021-12-16,104.52526145251252,110,0.03,0.25,0.5432969215491559,0.0,5.3862295489019605
2021-12-17,104.0473653587797,110,0.03,0.25,0.54240317775571,0.0,5.856556618193755
2021-12-20,102.23223803469651,110,0.03,0.25,0.5415094339622641,0.0,7.642591937796693
2021-12-21,101.07869537355985,110,0.03,0.25,0.5406156901688183,0.0,8.777781715760415
2021-12-22,102.58947782521136,110,0.03,0.25,0.5397219463753724,0.0,7.291499717051693
2021-12-23,103.59131220046012,110,0.03,0.25,0.5388282025819264,0.0,6.30592515652135
2021-12-24,101.63620171086302,110,0.03,0.25,0.5379344587884807,0.0,8.229906312421402
2021-12-27,101.83486632172146,110,0.03,0.25,0.5370407149950347,0.0,8.034637450974161
2021-12-28,103.33764056846505,110,0.03,0.25,0.5361469712015888,0.0,6.5560565181786785
2021-12-29,99.9988300062223,110,0.03,0.25,0.535253227408143,0.0,9.841857747337576
2021-12-30,101.08555039098218,110,0.03,0.25,0.5343594836146971,0.0,8.772683336589452
2021-12-31,99.76030287309048,110,0.03,0.25,0.5334657398212512,0.0,10.077125663299247
2022-01-03,100.9015002102768,110,0.03,0.25,0.5325719960278054,0.0,8.954286729224236
2022-01-04,99.37498189719176,110,0.03,0.25,0.5316782522343595,0.0,10.456889788185032
2022-01-05,95.76521769586273,110,0.03,0.25,0.5307845084409135,0.0,14.009909383758416
2022-01-06,92.5101328200964,110,0.03,0.25,0.5298907646474678,0.0,17.21403383889637
2022-01-07,92.60630271341917,110,0.03,0.25,0.5289970208540218,0.0,17.119839660871296
2022-01-10,93.12574771686214,110,0.03,0.25,0.528103277060576,0.0,16.60901845594516
2022-01-11,91.31711446665331,110,0.03,0.25,0.52720953326713,0.0,18.38971620887713
2022-01-12,92.59429938420806,110,0.03,0.25,0.5263157894736842,0.0,17.133032075172302
2022-01-13,89.27125925967015,110,0.03,0.25,0.5254220456802383,0.0,20.404562289107556
2022-01-14,89.13909966237551,110,0.03,0.25,0.5245283018867924,0.0,20.535205620778033
2022-01-17,86.71706726285059,110,0.03,0.25,0.5236345580933466,0.0,22.920038116477087
2022-01-18,85.41339504724627,110,0.03,0.25,0.5227408142999006,0.0,24.20403987205402
2022-01-19,85.5081923898791,110,0.03,0.25,0.5218470705064548,0.0,24.111364039254962
2022-01-20,83.7873656593112,110,0.03,0.25,0.5209533267130089,0.0,25.806152215743904
2022-01-21,83.01825457085155,110,0.03,0.25,0.5200595829195631,0.0,26.56404885034072
2022-01-24,85.03084018928043,110,0.03,0.25,0.5191658391261171,0.0,24.583278612153357
2022-01-25,83.87705645023414,110,0.03,0.25,0.5182720953326713,0.0,25.71992101808791
2022-01-26,85.54844067436441,110,0.03,0.25,0.5173783515392254,0.0,24.074968263309163
2022-01-27,83.28902696504917,110,0.03,0.25,0.5164846077457795,0.0,26.300288740205453
2022-01-28,84.34863532087975,110,0.03,0.25,0.5155908639523337,0.0,25.257649192136714
2022-01-31,87.23177256219554,110,0.03,0.25,0.5146971201588877,0.0,22.41936550977919
2022-02-01,82.28848356194098,110,0.03,0.25,0.5138033763654419,0.0,27.287643519265917
2022-02-02,80.69469305100002,110,0.03,0.25,0.512909632571996,0.0,28.85782928549342
2022-02-03,81.8488373053611,110,0.03,0.25,0.5120158887785502,0.0,27.722051530194502
2022-02-04,81.44274653327511,110,0.03,0.25,0.5111221449851042,0.0,28.1227062422044
2022-02-07,82.18503828001772,110,0.03,0.25,0.5102284011916584,0.0,27.392444172954903
2022-02-08,80.97706790658609,110,0.03,0.25,0.5093346573982125,0.0,28.582831478461745
2022-02-09,81.15024748153189,110,0.03,0.25,0.5084409136047666,0.0,28.413039789055727
2022-02-10,80.83889301074773,110,0.03,0.25,0.5075471698113208,0.0,28.72045118727447
2022-02-11,83.17445713406734,110,0.03,0.25,0.5066534260178748,0.0,26.420888354428353
2022-02-14,83.68329882066976,110,0.03,0.25,0.505759682224429,0.0,25.920417354742234
2022-02-15,84.35850414482017,110,0.03,0.25,0.504865938430983,0.0,25.256056614613616
2022-02-16,83.53475021257523,110,0.03,0.25,0.5039721946375373,0.0,26.068126934851385
2022-02-17,82.55953776443025,110,0.03,0.25,0.5030784508440913,0.0,27.02943059801062
2022-02-18,81.694421388791,110,0.03,0.25,0.5021847070506454,0.0,27.882335945309528
2022-02-21,82.4833256735476,110,0.03,0.25,0.5012909632571996,0.0,27.105954613084876
2022-02-22,81.64135671190708,110,0.03,0.25,0.5003972194637537,0.0,27.936105189119374
2022-02-23,82.2209064256999,110,0.03,0.25,0.49950347567030784,0.0,27.36592438377559
2022-02-24,86.37170802299077,110,0.03,0.25,0.498609731876862,0.0,23.277483377026805
2022-02-25,88.11395742985417,110,0.03,0.25,0.4977159880834161,0.0,21.561679209863957
2022-02-28,87.46191036551848,110,0.03,0.25,0.49682224428997024,0.0,22.204657923228627
2022-03-01,89.86433820984637,110,0.03,0.25,0.49592850049652426,0.0,19.838303842635135
2022-03-02,89.04818746380326,110,0.03,0.25,0.4950347567030784,0.0,20.642955375602323
2022-03-03,84.97193839344756,110,0.03,0.25,0.4941410129096325,0.0,24.659776372169254
2022-03-04,82.95576577161275,110,0.03,0.25,0.49324726911618666,0.0,26.64699568877663
2022-03-07,79.21418192956104,110,0.03,0.25,0.4923535253227408,0.0,30.334434698176203
2022-03-08,78.51115496147843,110,0.03,0.25,0.4914597815292949,0.0,31.02798576679347
2022-03-09,78.54799171985752,110,0.03,0.25,0.49056603773584906,0.0,30.992519107806434
2022-03-10,81.90086634440809,110,0.03,0.25,0.4896722939424032,0.0,27.689369757890958
2022-03-11,82.55472109193641,110,0.03,0.25,0.4887785501489573,0.0,27.045775190007614
2022-03-14,82.11652003431868,110,0.03,0.25,0.48788480635551135,0.0,27.47833437740993
2022-03-15,83.77533119668567,110,0.03,0.25,0.4869910625620655,0.0,25.84431859608535
2022-03-16,79.3530605786699,110,0.03,0.25,0.4860973187686196,0.0,30.203260498674528
2022-03-17,79.82428969488703,110,0.03,0.25,0.48520357497517375,0.0,29.739650793438432
2022-03-18,81.36602008266095,110,0.03,0.25,0.4843098311817279,0.0,28.220956116022204
2022-03-21,78.40884759110128,110,0.03,0.25,0.483416087388282,0.0,31.136308425519907
2022-03-22,80.69635567751513,110,0.03,0.25,0.48252234359483615,0.0,28.882509883957983
2022-03-23,81.37334849250396,110,0.03,0.25,0.4816285998013903,0.0,28.216002930721498
2022-03-24,80.54277266470237,110,0.03,0.25,0.4807348560079444,0.0,29.035442666681096
2022-03-25,81.80833639691494,110,0.03,0.25,0.47984111221449843,0.0,27.78874503771887
2022-03-28,86.34972211252372,110,0.03,0.25,0.47894736842105257,0.0,23.31289040398101
2022-03-29,86.71345462264071,110,0.03,0.25,0.4780536246276067,0.0,22.95496225573891
2022-03-30,87.20989579524138,110,0.03,0.25,0.47715988083416083,0.0,22.466192399475343
2022-03-31,86.2911739961609,110,0.03,0.25,0.47626613704071497,0.0,23.372483226642444
2022-04-01,84.59148525723131,110,0.03,0.25,0.4753723932472691,0.0,25.04873111471244
2022-04-04,86.25215689031981,110,0.03,0.25,0.47447864945382323,0.0,23.412202257363614
2022-04-05,84.53998923850207,110,0.03,0.25,0.47358490566037736,0.0,25.1008439390425
2022-04-06,84.68312171294086,110,0.03,0.25,0.4726911618669315,0.0,24.960399885300227
2022-04-07,83.72780681941062,110,0.03,0.25,0.47179741807348563,0.0,25.90295782179604
2022-04-08,84.6857664709034,110,0.03,0.25,0.47090367428003965,0.0,24.959130755486722
2022-04-11,85.3530906814773,110,0.03,0.25,0.4700099304865938,0.0,24.30181920863888
2022-04-12,87.4281705699931,110,0.03,0.25,0.4691161866931479,0.0,22.256389986165143
2022-04-13,86.40813777228361,110,0.03,0.25,0.46822244289970205,0.0,23.262791631050717
2022-04-14,85.86838790169686,110,0.03,0.25,0.4673286991062562,0.0,23.79565081976455
2022-04-15,83.91086047013225,110,0.03,0.25,0.4664349553128103,0.0,25.726615256177713
2022-04-18,83.02227394998002,110,0.03,0.25,0.46554121151936445,0.0,26.603567626220933
2022-04-19,83.77687493606973,110,0.03,0.25,0.4646474677259186,0.0,25.860125683145917
2022-04-20,85.29085216936043,110,0.03,0.25,0.4637537239324727,0.0,24.36775936020694
2022-04-21,83.44652152100518,110,0.03,0.25,0.46285998013902674,0.0,26.187310355461285
2022-04-22,85.1857333612165,110,0.03,0.25,0.46196623634558087,0.0,24.472738123893425
2022-04-25,87.89700907882641,110,0.03,0.25,0.461072492552135,0.0,21.799363244265145
2022-04-26,88.7238788852738,110,0.03,0.25,0.46017874875868914,0.0,20.984414740017538
2022-04-27,92.47747051038994,110,0.03,0.25,0.45928500496524327,0.0,17.282750137679592
2022-04-28,90.9298921121828,110,0.03,0.25,0.4583912611717974,0.0,18.809655703239113
2022-04-29,88.44058270555996,110,0.03,0.25,0.45749751737835154,0.0,21.265537251893388
2022-05-02,84.8831422077514,110,0.03,0.25,0.45660377358490567,0.0,24.775149950250967
2022-05-03,87.87523083072978,110,0.03,0.25,0.4557100297914598,0.0,21.824353011673367
2022-05-04,89.18396214343788,110,0.03,0.25,0.4548162859980138,0.0,20.533942565247465
2022-05-05,89.07279280161697,110,0.03,0.25,0.45392254220456796,0.0,20.64415886990627
2022-05-06,89.63273005425661,110,0.03,0.25,0.4530287984111221,0.0,20.09233369341035
2022-05-09,87.38175195965987,110,0.03,0.25,0.4521350546176762,0.0,22.313524272407445
2022-05-10,92.27325591889351,110,0.03,0.25,0.45124131082423036,0.0,17.488389873004234
2022-05-11,92.53169828284398,110,0.03,0.25,0.4503475670307845,0.0,17.23388460514335
2022-05-12,92.75048787205375,110,0.03,0.25,0.4494538232373386,0.0,17.018487377227604
2022-05-13,94.20202111985114,110,0.03,0.25,0.44856007944389276,0.0,15.586812598351862
2022-05-16,95.16403958332457,110,0.03,0.25,0.4476663356504469,0.0,14.63804558743083
2022-05-17,95.61180763188283,110,0.03,0.25,0.446772591857001,0.0,14.19663149815972
2022-05-18,94.03085872099221,110,0.03,0.25,0.44587884806355504,0.0,15.756954517122454
2022-05-19,94.9737954352642,110,0.03,0.25,0.4449851042701092,0.0,14.82694442467791
2022-05-20,98.73784442821426,110,0.03,0.25,0.4440913604766633,0.0,11.113107858718312
2022-05-23,101.42868452052423,110,0.03,0.25,0.44319761668321744,0.0,8.458106160980819
2022-05-24,104.61505777380302,110,0.03,0.25,0.4423038728897716,0.0,5.313960774174949
2022-05-25,103.59262642094065,110,0.03,0.25,0.4414101290963257,0.0,6.323084513538579
2022-05-26,101.61341678042348,110,0.03,0.25,0.44051638530287984,0.0,8.276479539412017
2022-05-27,101.3618429402242,110,0.03,0.25,0.439622641509434,0.0,8.524979151132339
2022-05-30,101.47329276480157,110,0.03,0.25,0.4387288977159881,0.0,8.41521518051899
2022-05-31,103.66167580174347,110,0.03,0.25,0.43783515392254213,0.0,6.255614352056569
2022-06-01,100.27674654231383,110,0.03,0.25,0.43694141012909626,0.0,9.59663041125705
2022-06-02,103.33584718123507,110,0.03,0.25,0.4360476663356504,0.0,6.57754388961206
2022-06-03,103.01983138407708,110,0.03,0.25,0.43515392254220453,0.0,6.8896373942828495
2022-06-06,102.16606924418224,110,0.03,0.25,0.43426017874875866,0.0,7.732533755022202
2022-06-07,100.14186049366191,110,0.03,0.25,0.4333664349553128,0.0,9.730803444356948
2022-06-08,96.83214714993036,110,0.03,0.25,0.43247269116186693,0.0,12.998114238010842
2022-06-09,98.4784883178542,110,0.03,0.25,0.43157894736842106,0.0,11.373299971880172
2022-06-10,98.625124252231,110,0.03,0.25,0.4306852035749752,0.0,11.228851416683902
2022-06-13,96.0452024527489,110,0.03,0.25,0.4297914597815292,0.0,13.77602297648895
2022-06-14,93.45504490862166,110,0.03,0.25,0.42889771598808335,0.0,16.333436006880934
2022-06-15,92.78347551004141,110,0.03,0.25,0.4280039721946375,0.0,16.99687544162563
2022-06-16,96.12151856062019,110,0.03,0.25,0.4271102284011916,0.0,13.701786637897055
2022-06-17,95.60233585789298,110,0.03,0.25,0.42621648460774575,0.0,14.214740456786004
2022-06-20,92.59604995165677,110,0.03,0.25,0.4253227408142999,0.0,17.183291933749246
2022-06-21,92.10456382348488,110,0.03,0.25,0.424428997020854,0.0,17.669020435753218
2022-06-22,91.55911668398954,110,0.03,0.25,0.42353525322740815,0.0,18.208054689816606
2022-06-23,86.1653433981064,110,0.03,0.25,0.4226415094339623,0.0,23.534358941507126
2022-06-24,86.05675366507077,110,0.03,0.25,0.4217477656405163,0.0,23.64221442450208
2022-06-27,85.59488460465342,110,0.03,0.25,0.42085402184707044,0.0,24.098922670320096
2022-06-28,86.98729733428026,110,0.03,0.25,0.41996027805362457,0.0,22.724588792164155
2022-06-29,90.68520952417094,110,0.03,0.25,0.4190665342601787,0.0,19.073485030526623
2022-06-30,92.93833958326647,110,0.03,0.25,0.41817279046673284,0.0,16.848955751533907
2022-07-01,92.4005622021568,110,0.03,0.25,0.41727904667328697,0.0,17.38049476336487
2022-07-04,90.18751038467346,110,0.03,0.25,0.4163853028798411,0.0,19.566540075389327
2022-07-05,95.33422999117319,110,0.03,0.25,0.41549155908639523,0.0,14.4840994901192
2022-07-06,95.45266685920215,110,0.03,0.25,0.41459781529294937,0.0,14.36751496616092
2022-07-07,95.48052544302806,110,0.03,0.25,0.4137040714995035,0.0,14.340385233343222
2022-07-08,95.43227526880804,110,0.03,0.25,0.4128103277060575,0.0,14.388426051384608
2022-07-11,95.82844479034375,110,0.03,0.25,0.41191658391261166,0.0,13.99750786103399
2022-07-12,95.53972396649587,110,0.03,0.25,0.4110228401191658,0.0,14.283065729350346
2022-07-13,94.3923999527354,110,0.03,0.25,0.4101290963257199,0.0,15.416742670365224
2022-07-14,93.29868207025461,110,0.03,0.25,0.40923535253227405,0.0,16.49752836592932
2022-07-15,93.23317552982262,110,0.03,0.25,0.4083416087388282,0.0,16.562679673043043
2022-07-18,92.14632598755509,110,0.03,0.25,0.4074478649453823,0.0,17.63676913383903
2022-07-19,90.72063442220076,110,0.03,0.25,0.40655412115193645,0.0,19.04565057612395
2022-07-20,90.93349487758455,110,0.03,0.25,0.4056603773584906,0.0,18.835875558099772
2022-07-21,90.42354044274285,110,0.03,0.25,0.4047666335650446,0.0,19.34018010221216
2022-07-22,93.43152641990822,110,0.03,0.25,0.40387288977159874,0.0,16.368938106510715
2022-07-25,88.1295868031222,110,0.03,0.25,0.4029791459781529,0.0,21.60760537581667
2022-07-26,90.31260050696712,110,0.03,0.25,0.402085402184707,0.0,19.45134558445359
2022-07-27,92.80477089196238,110,0.03,0.25,0.40119165839126114,0.0,16.98951209613567
2022-07-28,88.65799042714607,110,0.03,0.25,0.4002979145978153,0.0,21.087247487757665
2022-07-29,87.97261523898538,110,0.03,0.25,0.3994041708043694,0.0,21.76502483432463
2022-08-01,87.2297335069938,110,0.03,0.25,0.39851042701092354,0.0,22.499661640249588
2022-08-02,84.41471011755816,110,0.03,0.25,0.3976166832174777,0.0,25.281908777516563
2022-08-03,82.8590767423764,110,0.03,0.25,0.3967229394240317,0.0,26.81981510697124
2022-08-04,80.63792505144474,110,0.03,0.25,0.39582919563058583,0.0,29.015465995445716
2022-08-05,84.14246593829199,110,0.03,0.25,0.39493545183713996,0.0,25.55298010476461
2022-08-08,86.01382272458692,110,0.03,0.25,0.3940417080436941,0.0,23.704300001061217
2022-08-09,88.55693291457523,110,0.03,0.25,0.3931479642502482,0.0,21.191643753427243
2022-08-10,90.00027704266171,110,0.03,0.25,0.39225422045680236,0.0,19.76575302057519
2022-08-11,87.74217350022724,110,0.03,0.25,0.3913604766633565,0.0,21.99802959009477
2022-08-12,86.6931329676677,110,0.03,0.25,0.3904667328699106,0.0,23.035443179079763
2022-08-15,87.67188209012353,110,0.03,0.25,0.38957298907646476,0.0,22.068683940849258
2022-08-16,85.22762647233964,110,0.03,0.25,0.3886792452830189,0.0,24.4851958580814
2022-08-17,86.65362333268442,110,0.03,0.25,0.3877855014895729,0.0,23.076348814546698
2022-08-18,86.17297253636815,110,0.03,0.25,0.38689175769612705,0.0,23.5520718054708
2022-08-19,85.42333092126896,110,0.03,0.25,0.3859980139026812,0.0,24.29371417749409
2022-08-22,86.84525085767594,110,0.03,0.25,0.3851042701092353,0.0,22.88877871286041
2022-08-23,87.73377748064802,110,0.03,0.25,0.38421052631578945,0.0,22.011048440770836
2022-08-24,87.01184514900986,110,0.03,0.25,0.3833167825223436,0.0,22.72531663530897
2022-08-25,89.33050475573836,110,0.03,0.25,0.3824230387288977,0.0,20.433715608480224
2022-08-26,87.16837810053856,110,0.03,0.25,0.38152929493545185,0.0,22.57178379575904
2022-08-29,88.40024931442709,110,0.03,0.25,0.380635551142006,0.0,21.354504600950833
2022-08-30,89.58645183036386,110,0.03,0.25,0.37974180734856,0.0,20.182311493730456
2022-08-31,88.96735895173587,110,0.03,0.25,0.37884806355511413,0.0,20.79494908400748
2022-09-01,89.61962499622011,110,0.03,0.25,0.37795431976166827,0.0,20.150594639661804
2022-09-02,87.1173978434495,110,0.03,0.25,0.3770605759682224,0.0,22.625216834473104
2022-09-05,88.9654518818633,110,0.03,0.25,0.37616683217477653,0.0,20.79850750294113
2022-09-06,88.59564760897732,110,0.03,0.25,0.37527308838133067,0.0,21.1647294597373
2022-09-07,87.55020156793924,110,0.03,0.25,0.3743793445878848,0.0,22.19906687379637
2022-09-08,89.64822001961302,110,0.03,0.25,0.37348560079443893,0.0,20.125019824316052
2022-09-09,88.2395326385275,110,0.03,0.25,0.37259185700099307,0.0,21.518588522856017
2022-09-12,85.42261004580038,110,0.03,0.25,0.3716981132075471,0.0,24.304851225989104
2022-09-13,82.30935169875258,110,0.03,0.25,0.3708043694141012,0.0,27.38432087192648
2022-09-14,83.52137160144386,110,0.03,0.25,0.36991062562065535,0.0,26.18641103218009
2022-09-15,80.96051289645129,110,0.03,0.25,0.3690168818272095,0.0,28.719778208998
2022-09-16,84.47010126042002,110,0.03,0.25,0.3681231380337636,0.0,25.249505484919492
2022-09-19,80.30624244465258,110,0.03,0.25,0.36722939424031775,0.0,29.368420328797754
2022-09-20,83.69915518123265,110,0.03,0.25,0.3663356504468719,0.0,26.013379232708832
2022-09-21,84.12119011563789,110,0.03,0.25,0.365441906653426,0.0,25.596643393683063
2022-09-22,83.9277638918971,110,0.03,0.25,0.36454816285998015,0.0,25.78865206202203
2022-09-23,82.83792571827921,110,0.03,0.25,0.3636544190665343,0.0,26.86735658540816
2022-09-26,83.63619794698334,110,0.03,0.25,0.3627606752730883,0.0,26.07844509456244
2022-09-27,83.56092854213365,110,0.03,0.25,0.36186693147964244,0.0,26.153601026334986
2022-09-28,85.7675323061667,110,0.03,0.25,0.3609731876861966,0.0,23.971465334044748
2022-09-29,85.99598760349078,110,0.03,0.25,0.3600794438927507,0.0,23.746107355953683
2022-09-30,86.29659112641453,110,0.03,0.25,0.35918570009930484,0.0,23.449362314791127
2022-10-03,85.56936670198681,110,0.03,0.25,0.35829195630585897,0.0,24.169440579574626
2022-10-04,85.45547545454468,110,0.03,0.25,0.3573982125124131,0.0,24.28276526162424
2022-10-05,86.0710789923288,110,0.03,0.25,0.35650446871896724,0.0,23.67436168906
2022-10-06,82.65074220701555,110,0.03,0.25,0.35561072492552137,0.0,27.059037943216666
2022-10-07,79.95437136280412,110,0.03,0.25,0.3547169811320754,0.0,29.72759298752341
2022-10-10,81.44089955084955,110,0.03,0.25,0.3538232373386295,0.0,28.25755747281682
2022-10-11,81.78263042710543,110,0.03,0.25,0.35292949354518366,0.0,27.920183377212396
2022-10-12,81.41466375440008,110,0.03,0.25,0.3520357497517378,0.0,28.285032990728162
2022-10-13,81.45153162053086,110,0.03,0.25,0.3511420059582919,0.0,28.249309859177945
2022-10-14,82.14669503125421,110,0.03,0.25,0.35024826216484606,0.0,27.562170040055864
2022-10-17,81.06717567063549,110,0.03,0.25,0.3493545183714002,0.0,28.631173449769133
2022-10-18,79.51056621983086,110,0.03,0.25,0.3484607745779543,0.0,30.172362818237822
2022-10-19,79.90225673002622,110,0.03,0.25,0.34756703078450846,0.0,29.785544251993894
2022-10-20,77.94551117479617,110,0.03,0.25,0.3466732869910625,0.0,31.722843353813488
2022-10-21,78.76201668622511,110,0.03,0.25,0.3457795431976166,0.0,30.915614564299194
2022-10-24,75.35684947774942,110,0.03,0.25,0.34488579940417075,0.0,34.28656052590903
2022-10-25,77.41516075240071,110,0.03,0.25,0.3439920556107249,0.0,32.25030062096616
2022-10-26,78.3603557172268,110,0.03,0.25,0.343098311817279,0.0,31.31564931891297
2022-10-27,78.87241518585455,110,0.03,0.25,0.34220456802383314,0.0,30.80965948745208
2022-10-28,80.83779715374557,110,0.03,0.25,0.3413108242303873,0.0,28.865125114798257
2022-10-31,84.16874604267073,110,0.03,0.25,0.3404170804369414,0.0,25.56879442237963
2022-11-01,86.19748617270699,110,0.03,0.25,0.33952333664349554,0.0,23.56129911566292
2022-11-02,82.5157377100437,110,0.03,0.25,0.3386295928500497,0.0,27.206466192288882
2022-11-03,79.9565837765723,110,0.03,0.25,0.3377358490566037,0.0,29.740550980554865
2022-11-04,78.70694662118093,110,0.03,0.25,0.33684210526315783,0.0,30.978421237126025
2022-11-07,78.75912872160261,110,0.03,0.25,0.33594836146971196,0.0,30.927593024403055
2022-11-08,79.79444676254084,110,0.03,0.25,0.3350546176762661,0.0,29.903458750517643
2022-11-09,78.34295913623392,110,0.03,0.25,0.33416087388282023,0.0,31.34126994935103
2022-11-10,78.71649266518807,110,0.03,0.25,0.33326713008937436,0.0,30.97229274984793
2022-11-11,77.20572680048143,110,0.03,0.25,0.3323733862959285,0.0,32.46889976836849
2022-11-14,75.98269119449753,110,0.03,0.25,0.33147964250248263,0.0,33.6807038837621
2022-11-15,73.16936900080108,110,0.03,0.25,0.33058589870903676,0.0,36.46716570837788
2022-11-16,71.32290250857929,110,0.03,0.25,0.3296921549155908,0.0,38.296437037606815
2022-11-17,68.6195332973466,110,0.03,0.25,0.3287984111221449,0.0,40.974298257903925
2022-11-18,66.66778679139195,110,0.03,0.25,0.32790466732869905,0.0,42.908037916366716
2022-11-21,68.77507038460763,110,0.03,0.25,0.3270109235352532,0.0,40.82247687061313
2022-11-22,66.87627260694374,110,0.03,0.25,0.3261171797418073,0.0,42.70388286887285
2022-11-23,72.14103673661853,110,0.03,0.25,0.32522343594836145,0.0,37.491380712807725
2022-11-24,73.1276725383803,110,0.03,0.25,0.3243296921549156,0.0,36.515303462078215
2022-11-25,73.49734478577005,110,0.03,0.25,0.3234359483614697,0.0,36.1501799002841
2022-11-28,71.78062922540762,110,0.03,0.25,0.32254220456802385,0.0,37.851333456516784
2022-11-29,73.1812489842256,110,0.03,0.25,0.32164846077457787,0.0,36.46517881082994
2022-11-30,72.02997333175006,110,0.03,0.25,0.320754716981132,0.0,37.60640701010858
2022-12-01,72.27399296104078,110,0.03,0.25,0.31986097318768614,0.0,37.36572608099751
2022-12-02,77.39416203757837,110,0.03,0.25,0.31896722939424027,0.0,32.295320192807274
2022-12-05,77.20204223812907,110,0.03,0.25,0.3180734856007944,0.0,32.48648138854853
2022-12-06,79.50058889070041,110,0.03,0.25,0.31717974180734854,0.0,30.21057362937173
2022-12-07,78.09423604044865,110,0.03,0.25,0.31628599801390267,0.0,31.604455323843123
2022-12-08,78.02425905945472,110,0.03,0.25,0.3153922542204568,0.0,31.674620721328118
2022-12-09,81.56586033072574,110,0.03,0.25,0.31449851042701094,0.0,28.167126441825086
2022-12-12,80.31192621515021,110,0.03,0.25,0.31360476663356507,0.0,29.410073923094114
2022-12-13,83.93682333114407,110,0.03,0.25,0.3127110228401191,0.0,25.819812713545648
2022-12-14,85.35232720205501,110,0.03,0.25,0.3118172790466732,0.0,24.418180757211083
2022-12-15,84.22739365026648,110,0.03,0.25,0.31092353525322736,0.0,25.533324762431363
2022-12-16,85.49220912837752,110,0.03,0.25,0.3100297914597815,0.0,24.280903277138744
2022-12-19,87.43731802763098,110,0.03,0.25,0.3091360476663356,0.0,22.35440112208753
2022-12-20,88.68093795206538,110,0.03,0.25,0.30824230387288976,0.0,21.122827658341937
2022-12-21,85.54048851228447,110,0.03,0.25,0.3073485600794439,0.0,24.235020165365118
2022-12-22,84.08621416063473,110,0.03,0.25,0.306454816285998,0.0,25.6766355132868
2022-12-23,83.59117688953171,110,0.03,0.25,0.30556107249255215,0.0,26.167844055826812
2022-12-26,83.44231003133163,110,0.03,0.25,0.3046673286991062,0.0,26.31605809710321
2022-12-27,84.68365422643298,110,0.03,0.25,0.3037735849056603,0.0,25.086680742226825
2022-12-28,85.03905622829949,110,0.03,0.25,0.30287984111221444,0.0,24.735166077273142
2022-12-29,82.36836751087928,110,0.03,0.25,0.3019860973187686,0.0,27.382431954284257
2022-12-30,83.12876321289122,110,0.03,0.25,0.3010923535253227,0.0,26.629608000907712
2023-01-02,84.34993470345886,110,0.03,0.25,0.30019860973187684,0.0,25.42009896621091
2023-01-03,85.46951559932094,110,0.03,0.25,0.299304865938431,0.0,24.311207533097996
2023-01-04,87.63107705043018,110,0.03,0.25,0.2984111221449851,0.0,22.169562589309628
2023-01-05,89.298921359528,110,0.03,0.25,0.29751737835153924,0.0,20.51713284830227
2023-01-06,90.21728151798486,110,0.03,0.25,0.29662363455809326,0.0,19.60745877537851
2023-01-09,90.07695009506757,110,0.03,0.25,0.2957298907646474,0.0,19.747076427275715
2023-01-10,86.75502822803558,110,0.03,0.25,0.29483614697120153,0.0,23.040274650758136
2023-01-11,87.61426466630076,110,0.03,0.25,0.29394240317775566,0.0,22.189199654600987
2023-01-12,88.02964004062699,110,0.03,0.25,0.2930486593843098,0.0,21.77805498273735
2023-01-13,88.57279771501773,110,0.03,0.25,0.29215491559086393,0.0,21.24022102014476
2023-01-16,86.01930056337712,110,0.03,0.25,0.29126117179741806,0.0,23.772072837865174
2023-01-17,83.85718748256059,110,0.03,0.25,0.2903674280039722,0.0,25.916070890039922
2023-01-18,85.9634931892264,110,0.03,0.25,0.2894736842105263,0.0,23.828672470055785
2023-01-19,85.88438288151308,110,0.03,0.25,0.28857994041708035,0.0,23.907739754884904
2023-01-20,87.24738427625833,110,0.03,0.25,0.2876861966236345,0.0,22.557092273943585
2023-01-23,87.30402102851926,110,0.03,0.25,0.2867924528301886,0.0,22.501545537153955
2023-01-24,87.36353330751075,110,0.03,0.25,0.28589870903674275,0.0,22.44314483651916
2023-01-25,89.24010091946273,110,0.03,0.25,0.2850049652432969,0.0,20.583155519682343
2023-01-26,88.20801146302799,110,0.03,0.25,0.284111221449851,0.0,21.6070374026121
2023-01-27,88.40025301690996,110,0.03,0.25,0.28321747765640515,0.0,21.417001656766846
2023-01-30,87.47570243949987,110,0.03,0.25,0.2823237338629593,0.0,22.334328872474117
2023-01-31,86.60670998463524,110,0.03,0.25,0.2814299900695134,0.0,23.19661423928348
2023-02-01,85.98836573769796,110,0.03,0.25,0.28053624627606755,0.0,23.810398247760077
2023-02-02,86.43263328096539,110,0.03,0.25,0.27964250248262157,0.0,23.37048061741452
2023-02-03,85.47513603763844,110,0.03,0.25,0.2787487586891757,0.0,24.320630836899262
2023-02-06,87.98664828878547,110,0.03,0.25,0.27785501489572983,0.0,21.83061876324476
2023-02-07,86.19743368434646,110,0.03,0.25,0.27696127110228397,0.0,23.605614000516695
2023-02-08,85.82369039602375,110,0.03,0.25,0.2760675273088381,0.0,23.97690764946886
2023-02-09,84.9442282794754,110,0.03,0.25,0.27517378351539223,0.0,24.849782388208155
2023-02-10,87.83818404818287,110,0.03,0.25,0.27428003972194637,0.0,21.980207835919494
2023-02-13,88.23129360120602,110,0.03,0.25,0.2733862959285005,0.0,21.590898568571284
2023-02-14,90.29498268014328,110,0.03,0.25,0.27249255213505463,0.0,19.54458982892862
2023-02-15,87.32386193406934,110,0.03,0.25,0.27159880834160866,0.0,22.49212439010598
2023-02-16,87.85796246580786,110,0.03,0.25,0.2707050645481628,0.0,21.96294687870402
2023-02-17,89.63722405705472,110,0.03,0.25,0.2698113207547169,0.0,20.198617990192645
2023-02-20,89.80179203560557,110,0.03,0.25,0.26891757696127105,0.0,20.035913906166893
2023-02-21,91.93275278573628,110,0.03,0.25,0.2680238331678252,0.0,17.922556118161815
2023-02-22,90.89817588553554,110,0.03,0.25,0.2671300893743793,0.0,18.949355704469706
2023-02-23,93.71687076590669,110,0.03,0.25,0.26623634558093345,0.0,16.153592409233568
2023-02-24,98.3146670131452,110,0.03,0.25,0.2653426017874876,0.0,11.592683733274301
2023-02-27,97.58898989226589,110,0.03,0.25,0.2644488579940417,0.0,12.312937327160379
2023-02-28,96.69798484946433,110,0.03,0.25,0.26355511420059574,0.0,13.197255422061206
2023-03-01,99.60475380369974,110,0.03,0.25,0.2626613704071499,0.0,10.313655192203209
2023-03-02,102.76389809516117,110,0.03,0.25,0.261767626613704,0.0,7.179499130690704
2023-03-03,101.71817804085462,110,0.03,0.25,0.26087388282025814,0.0,8.217259596653852
2023-03-06,100.8778044066629,110,0.03,0.25,0.2599801390268123,0.0,9.051324637852915
2023-03-07,100.3142351889419,110,0.03,0.25,0.2590863952333664,0.0,9.610773131756922
2023-03-08,97.62533416687334,110,0.03,0.25,0.25819265143992054,0.0,12.279184665083905
2023-03-09,95.78803027390495,110,0.03,0.25,0.2572989076464747,0.0,14.102690302254075
2023-03-10,93.7797487404008,110,0.03,0.25,0.2564051638530288,0.0,16.095961216120095
2023-03-13,92.24415361019255,110,0.03,0.25,0.25551142005958294,0.0,17.620262058103954
2023-03-14,92.17478383541899,110,0.03,0.25,0.25461767626613696,0.0,17.689576414702216
2023-03-15,92.64321330049204,110,0.03,0.25,0.2537239324726911,0.0,17.22517327181361
2023-03-16,95.74421428612018,110,0.03,0.25,0.2528301886792452,0.0,14.148065962634035
2023-03-17,93.7475062046426,110,0.03,0.25,0.25193644488579936,0.0,16.130118972855634
2023-03-20,95.71615100159578,110,0.03,0.25,0.2510427010923535,0.0,14.17667739367028
2023-03-21,95.28817331314475,110,0.03,0.25,0.2501489572989076,0.0,14.6018354726958
2023-03-22,95.18924589383988,110,0.03,0.25,0.24925521350546176,0.0,14.70041741989296
2023-03-23,96.53888487817309,110,0.03,0.25,0.2483614697120159,0.0,13.36119117291388
2023-03-24,94.2934408350485,110,0.03,0.25,0.24746772591857003,0.0,15.590384944736229
2023-03-27,95.0582603274166,110,0.03,0.25,0.24657398212512405,0.0,14.83162013637743
2023-03-28,95.39116474384271,110,0.03,0.25,0.24568023833167818,0.0,14.50155801643401
2023-03-29,96.37606727185901,110,0.03,0.25,0.2447864945382323,0.0,13.524250546860968
2023-03-30,96.95440455967464,110,0.03,0.25,0.24389275074478645,0.0,12.950492005471247
2023-03-31,101.86500483949644,110,0.03,0.25,0.24299900695134058,0.0,8.075906925553324
2023-04-03,100.5895248709938,110,0.03,0.25,0.2421052631578947,0.0,9.342372979995437
2023-04-04,99.52753096099016,110,0.03,0.25,0.24121151936444885,0.0,10.39696016760155
2023-04-05,98.28124990814064,110,0.03,0.25,0.24031777557100298,0.0,11.634567197544932
2023-04-06,97.17029566982013,110,0.03,0.25,0.2394240317775571,0.0,12.737882304824423
2023-04-07,95.8955214152071,110,0.03,0.25,0.23853028798411113,0.0,14.003908488998311
2023-04-10,98.2735544774222,110,0.03,0.25,0.23763654419066527,0.0,11.643143848528394
2023-04-11,101.1145629734019,110,0.03,0.25,0.2367428003972194,0.0,8.822553701215572
2023-04-12,99.97307038590296,110,0.03,0.25,0.23584905660377353,0.0,9.956234752069966
2023-04-13,98.3083592396945,110,0.03,0.25,0.23495531281032767,0.0,11.609520127131999
2023-04-14,99.2511903524673,110,0.03,0.25,0.2340615690168818,0.0,10.673597523051653
2023-04-17,98.14674426390536,110,0.03,0.25,0.23316782522343593,0.0,11.770631118182719
2023-04-18,99.41260789941639,110,0.03,0.25,0.23227408142999006,0.0,10.513873242696626
2023-04-19,99.81845394111899,110,0.03,0.25,0.2313803376365442,0.0,10.111116494975281
2023-04-20,96.78696571112452,110,0.03,0.25,0.23048659384309833,0.0,13.121986612641262
2023-04-21,99.88197611378465,110,0.03,0.25,0.22959285004965235,0.0,10.04857256546143
2023-04-24,103.47373145997568,110,0.03,0.25,0.22869910625620649,0.0,6.481645241229594
2023-04-25,102.24815407900691,110,0.03,0.25,0.22780536246276062,0.0,7.699049175119428
2023-04-26,101.47275095913494,110,0.03,0.25,0.22691161866931475,0.0,8.469398213160039
2023-04-27,102.04448174058476,110,0.03,0.25,0.22601787487586888,0.0,7.901758047005459
2023-04-28,102.7133953205588,110,0.03,0.25,0.22512413108242302,0.0,7.237558770721517
2023-05-01,104.03048386590447,110,0.03,0.25,0.22423038728897715,0.0,5.929494488610563
2023-05-02,108.05089294343716,110,0.03,0.25,0.22333664349553128,0.0,1.9360914971886547
2023-05-03,107.69699848844907,110,0.03,0.25,0.22244289970208542,0.0,2.2876840871518795
2023-05-04,106.10040399937216,110,0.03,0.25,0.22154915590863944,0.0,3.873763377593168
2023-05-05,103.3417655433431,110,0.03,0.25,0.22065541211519357,0.0,6.614304752936542
2023-05-08,101.87990546345927,110,0.03,0.25,0.2197616683217477,0.0,8.066736056373339
2023-05-09,101.81365151771168,110,0.03,0.25,0.21886792452830184,0.0,8.132772692048649
2023-05-10,105.40276724474725,110,0.03,0.25,0.21797418073485597,0.0,4.567268492259945
2023-05-11,104.3675446466749,110,0.03,0.25,0.2170804369414101,0.0,5.59589365889921
2023-05-12,104.8151205499527,110,0.03,0.25,0.21618669314796424,0.0,5.151361202244104
2023-05-15,104.7822747578072,110,0.03,0.25,0.21529294935451837,0.0,5.184133655754496
2023-05-16,107.15906130470337,110,0.03,0.25,0.2143992055610725,0.0,2.822724484794901
2023-05-17,112.2129261564506,110,0.03,0.25,0.21350546176762653,2.1987972989518774,0.0
2023-05-18,111.15118861060996,110,0.03,0.25,0.21261171797418066,1.1438692923704472,0.0
2023-05-19,110.17230972557353,110,0.03,0.25,0.2117179741807348,0.1712187619095178,0.0
2023-05-22,112.26063147971166,110,0.03,0.25,0.21082423038728892,2.246378722863814,0.0
2023-05-23,113.6244144589643,110,0.03,0.25,0.20993048659384306,3.6016599344713605,0.0
2023-05-24,117.31782911043636,110,0.03,0.25,0.2090367428003972,7.272081848391709,0.0
2023-05-25,118.4856854810883,110,0.03,0.25,0.20814299900695132,8.432863489895734,0.0
2023-05-26,117.76710129951417,110,0.03,0.25,0.20724925521350546,7.718959336604102,0.0
2023-05-29,118.94841096089878,110,0.03,0.25,0.2063555114200596,8.89318546095932,0.0
2023-05-30,121.16581812206461,110,0.03,0.25,0.20546176762661372,11.097205337009534,0.0
2023-05-31,122.80678248445933,110,0.03,0.25,0.20456802383316774,12.728427418963213,0.0
2023-06-01,123.82133054667392,110,0.03,0.25,0.20367428003972188,13.737136544464793,0.0
2023-06-02,125.95467992585223,110,0.03,0.25,0.202780536246276,15.857915596581474,0.0
2023-06-05,128.2932711067436,110,0.03,0.25,0.20188679245283014,18.182810856573784,0.0
2023-06-06,131.05758908881864,110,0.03,0.25,0.20099304865938428,20.930998259670485,0.0
2023-06-07,132.3550088639979,110,0.03,0.25,0.2000993048659384,22.221214197059364,0.0
2023-06-08,132.02077270336423,110,0.03,0.25,0.19920556107249254,21.889565340960175,0.0
2023-06-09,132.31420007623086,110,0.03,0.25,0.19831181727904668,22.181839110745003,0.0
2023-06-12,134.72721800924757,110,0.03,0.25,0.1974180734856008,24.58120283431254,0.0
2023-06-13,133.0933466672731,110,0.03,0.25,0.19652432969215483,22.95759510354768,0.0
2023-06-14,133.8306932850189,110,0.03,0.25,0.19563058589870896,23.6912425231133,0.0
2023-06-15,133.04401566036418,110,0.03,0.25,0.1947368421052631,22.909782578869628,0.0
2023-06-16,133.10150530623383,110,0.03,0.25,0.19384309831181723,22.96755314832193,0.0
2023-06-19,135.6584090314484,110,0.03,0.25,0.19294935451837136,25.51031486125865,0.0
2023-06-20,136.04060716748822,110,0.03,0.25,0.1920556107249255,25.89100122985793,0.0
2023-06-21,136.13348026380052,110,0.03,0.25,0.19116186693147963,25.984037443608653,0.0
2023-06-22,133.4137679818407,110,0.03,0.25,0.19026812313803376,23.280501877366365,0.0
2023-06-23,134.9062751138951,110,0.03,0.25,0.1893743793445879,24.765177984379292,0.0
2023-06-26,136.19724347617728,110,0.03,0.25,0.18848063555114192,26.049531290035674,0.0
2023-06-27,140.5237529227882,110,0.03,0.25,0.18758689175769605,30.352459682290252,0.0
2023-06-28,139.90819645288218,110,0.03,0.25,0.18669314796425018,29.741155011556955,0.0
2023-06-29,140.34649710821006,110,0.03,0.25,0.18579940417080432,30.177816822947204,0.0
2023-06-30,140.84526447563158,110,0.03,0.25,0.18490566037735845,30.67463425066622,0.0
2023-07-03,144.00017103515853,110,0.03,0.25,0.18401191658391258,33.812995050581215,0.0
2023-07-04,143.80957997038462,110,0.03,0.25,0.18311817279046672,33.62435475255293,0.0
2023-07-05,144.36762302192528,110,0.03,0.25,0.18222442899702085,34.180257014069376,0.0
2023-07-06,145.58341604135836,110,0.03,0.25,0.18133068520357498,35.39037063687209,0.0
2023-07-07,145.95663428767108,110,0.03,0.25,0.180436941410129,35.7625229809831,0.0
2023-07-10,145.06376705857002,110,0.03,0.25,0.17954319761668314,34.87541095905545,0.0
2023-07-11,145.45194704436665,110,0.03,0.25,0.17864945382323727,35.26245116868441,0.0
2023-07-12,147.5992105440862,110,0.03,0.25,0.1777557100297914,37.39923997562363,0.0
2023-07-13,145.54617994526407,110,0.03,0.25,0.17686196623634554,35.35807639369747,0.0
2023-07-14,145.81211929355783,110,0.03,0.25,0.17596822244289967,35.623563579439754,0.0
2023-07-17,144.4118776636795,110,0.03,0.25,0.1750744786494538,34.231612229991775,0.0
2023-07-18,146.80197092152918,110,0.03,0.25,0.17418073485600793,36.61016665690274,0.0
2023-07-19,143.7555971119616,110,0.03,0.25,0.17328699106256207,33.580570278592454,0.0
2023-07-20,142.63775341741845,110,0.03,0.25,0.1723932472691162,32.46939330602458,0.0
2023-07-21,143.3921771675475,110,0.03,0.25,0.17149950347567022,33.22081611645517,0.0
2023-07-24,146.52322522601617,110,0.03,0.25,0.17060575968222436,36.336770608943645,0.0
2023-07-25,146.39172470387018,110,0.03,0.25,0.1697120158887785,36.206912187830085,0.0
2023-07-26,145.28132565048378,110,0.03,0.25,0.16881827209533262,35.10309339137364,0.0
2023-07-27,149.043639789365,110,0.03,0.25,0.16792452830188676,38.8474428546227,0.0
2023-07-28,146.1476119885325,110,0.03,0.25,0.1670307845084409,35.96693213340789,0.0
2023-07-31,141.75000007529232,110,0.03,0.25,0.16613704071499502,31.592148245944117,0.0
2023-08-01,142.630028975399,110,0.03,0.25,0.16524329692154915,32.468672445120504,0.0
2023-08-02,141.62592052669376,110,0.03,0.25,0.1643495531281033,31.47037312681293,0.0
2023-08-03,139.58345489243234,110,0.03,0.25,0.1634558093346573,29.438742367085805,0.0
2023-08-04,141.00016778703105,110,0.03,0.25,0.16256206554121144,30.849352299873598,0.0
2023-08-07,141.48776921457346,110,0.03,0.25,0.16166832174776558,31.335421715544623,0.0
2023-08-08,140.3596119531,110,0.03,0.25,0.1607745779543197,30.213532909284584,0.0
2023-08-09,137.79900315575821,110,0.03,0.25,0.15988083416087384,27.665986578388367,0.0
2023-08-10,139.5439178123185,110,0.03,0.25,0.15898709036742797,29.403340283074805,0.0
2023-08-11,140.8443201682358,110,0.03,0.25,0.1580933465739821,30.698378074969146,0.0
2023-08-14,140.64596844067705,110,0.03,0.25,0.15719960278053624,30.501782675112896,0.0
2023-08-15,144.33924243277238,110,0.03,0.25,0.15630585898709037,34.17859663177004,0.0
2023-08-16,142.1990729001201,110,0.03,0.25,0.1554121151936444,32.04929854187844,0.0
2023-08-17,139.1480225582706,110,0.03,0.25,0.15451837140019853,29.01321809689437,0.0
2023-08-18,137.7642064185081,110,0.03,0.25,0.15362462760675266,27.63654285233955,0.0
2023-08-21,137.6730343857971,110,0.03,0.25,0.1527308838133068,27.546528617200924,0.0
2023-08-22,138.1597132844425,110,0.03,0.25,0.15183714001986093,28.03173427536363,0.0
2023-08-23,137.67724116872984,110,0.03,0.25,0.15094339622641506,27.55219360556273,0.0
2023-08-24,138.38135196175844,110,0.03,0.25,0.1500496524329692,28.253880722312942,0.0
2023-08-25,135.87827311337753,110,0.03,0.25,0.14915590863952333,25.762734884096236,0.0
2023-08-28,138.76580232152406,110,0.03,0.25,0.14826216484607746,28.63814004051183,0.0
2023-08-29,138.60149996473893,110,0.03,0.25,0.1473684210526316,28.475330334846,0.0
2023-08-30,140.83609162791518,110,0.03,0.25,0.14647467725918561,30.70088770765816,0.0
2023-08-31,141.5215423206706,110,0.03,0.25,0.14558093346573975,31.384174444516546,0.0
2023-09-01,142.43504875897816,110,0.03,0.25,0.14468718967229388,32.29456578928403,0.0
2023-09-04,143.57458331944255,110,0.03,0.25,0.14379344587884801,33.43006111286696,0.0
2023-09-05,144.4700004394772,110,0.03,0.25,0.14289970208540215,34.32254415338976,0.0
2023-09-06,145.75544595921227,110,0.03,0.25,0.14200595829195628,35.60344537290794,0.0
2023-09-07,148.41375101947713,110,0.03,0.25,0.1411122144985104,38.251475263989335,0.0
2023-09-08,148.80679335888007,110,0.03,0.25,0.14021847070506455,38.64389334641786,0.0
2023-09-11,150.2248008740571,110,0.03,0.25,0.13932472691161868,40.05702247161378,0.0
2023-09-12,150.04532948548265,110,0.03,0.25,0.1384309831181727,39.87936890540188,0.0
2023-09-13,152.92556391638158,110,0.03,0.25,0.13753723932472683,42.748812908105094,0.0
2023-09-14,151.57277931226304,110,0.03,0.25,0.13664349553128097,41.402708639665384,0.0
2023-09-15,155.17466017808468,110,0.03,0.25,0.1357497517378351,44.991060818229535,0.0
2023-09-18,155.094344276796,110,0.03,0.25,0.13485600794438923,44.912275523607796,0.0
2023-09-19,152.2327940725599,110,0.03,0.25,0.13396226415094337,42.06340665191981,0.0
2023-09-20,152.4890029023815,110,0.03,0.25,0.1330685203574975,42.31972255304652,0.0
2023-09-21,151.12689958743172,110,0.03,0.25,0.13217477656405163,40.964144319888455,0.0
2023-09-22,152.80818668540917,110,0.03,0.25,0.13128103277060577,42.63992116520583,0.0
2023-09-25,151.5029387268044,110,0.03,0.25,0.1303872889771598,41.34091215652191,0.0
2023-09-26,150.61057186037482,110,0.03,0.25,0.12949354518371392,40.453113697971865,0.0
2023-09-27,146.83149039848377,110,0.03,0.25,0.12859980139026805,36.6896684779492,0.0
2023-09-28,145.92687775998562,110,0.03,0.25,0.1277060575968222,35.789498692494405,0.0
2023-09-29,141.07911910672772,110,0.03,0.25,0.12681231380337632,30.961107279208726,0.0
2023-10-02,137.91131345975626,110,0.03,0.25,0.12591857000993045,27.806075775243464,0.0
2023-10-03,139.43214277204487,110,0.03,0.25,0.12502482621648459,29.321957084359198,0.0
2023-10-04,141.00374308934653,110,0.03,0.25,0.12413108242303872,30.888501951965154,0.0
2023-10-05,141.85465821291643,110,0.03,0.25,0.12323733862959285,31.737105151678943,0.0
2023-10-06,139.92070592665803,110,0.03,0.25,0.12234359483614698,29.811089011931546,0.0
2023-10-09,139.82528321437405,110,0.03,0.25,0.12144985104270101,29.71681265425989,0.0
2023-10-10,139.81807813619292,110,0.03,0.25,0.12055610724925514,29.71043037468614,0.0
2023-10-11,137.50134875780785,110,0.03,0.25,0.11966236345580927,27.40279946155113,0.0
2023-10-12,140.50814536134214,110,0.03,0.25,0.1187686196623634,30.399636478501755,0.0
2023-10-13,142.2628699424935,110,0.03,0.25,0.11787487586891754,32.14898197543489,0.0
2023-10-16,141.82094159483415,110,0.03,0.25,0.11698113207547167,31.70946382803494,0.0
2023-10-17,141.87471327282321,110,0.03,0.25,0.1160873882820258,31.76389878081774,0.0
2023-10-18,142.29147888871833,110,0.03,0.25,0.11519364448857994,32.18007829501848,0.0
2023-10-19,138.20800915186976,110,0.03,0.25,0.11429990069513407,28.111449618312626,0.0
2023-10-20,137.71365438682855,110,0.03,0.25,0.1134061569016881,27.619527624804338,0.0
2023-10-23,136.34968589083294,110,0.03,0.25,0.11251241310824223,26.260895822578664,0.0
2023-10-24,134.34644587104313,110,0.03,0.25,0.11161866931479636,24.265056678673666,0.0
2023-10-25,133.7842452852712,110,0.03,0.25,0.11072492552135049,23.705371094246164,0.0
2023-10-26,137.37961833897026,110,0.03,0.25,0.10983118172790463,27.289552725522636,0.0
2023-10-27,138.66130406150427,110,0.03,0.25,0.10893743793445876,28.56778828430619,0.0
2023-10-30,137.51894608193868,110,0.03,0.25,0.10804369414101289,27.42989302641493,0.0
2023-10-31,138.664111644651,110,0.03,0.25,0.10714995034756702,28.572118835054734,0.0
2023-11-01,141.46282251782299,110,0.03,0.25,0.10625620655412116,31.36268859532863,0.0
2023-11-02,143.31208988364853,110,0.03,0.25,0.10536246276067518,33.20696080616061,0.0
2023-11-03,143.4313506234889,110,0.03,0.25,0.10446871896722931,33.32673872798797,0.0
2023-11-06,142.13747706807774,110,0.03,0.25,0.10357497517378345,32.03777289946564,0.0
2023-11-07,143.5339236953049,110,0.03,0.25,0.10268123138033758,33.430783497959375,0.0
2023-11-08,144.32089446614842,110,0.03,0.25,0.10178748758689171,34.21625118952166,0.0
2023-11-09,146.1112809062039,110,0.03,0.25,0.10089374379344584,36.00214408814442,0.0
2023-11-10,147.3816245095678,110,0.03,0.25,0.1,37.269647685258185,0.0
